Rank,Sector,RS,1 M_RS,3M_RS,6M_RS,Ticker
1,Consumer services,95,81,93,93,LION
2,Health technology,89,98,90,87,SI
3,Healthcare,66,76,60,53,"AGL,QNCX,ERAS,ABVX,ANRO,ALMS,ORKA,DFTX,DMRA,SYRE,PRAX,LQDA,RLYB,SLGL,KOD,RVMD,TNGX,BIOA,NBTX,BDSX,CUE,MANE,RLAY,ANAB,TWST,INBX,MBX,NVCT,GLUE,TXG,STRO,CELC,PVLA,DNTH,GH,TVTX,MCTA,QURE,APGE,ARWR,COGT,OSCR,MRNA,URGN,AXGN,BTSG,PACS,FTRE,ELVN,BTSGU,FBIOP,BCAX,GHRS,AVNS,ASTH,RCUS,HUM,ROIV,HNGE,EWTX,MPLT,TRVI,FTH,ETON,CGEM,IMVT,SEPN,LGND,NGNE,JBIO,KRYS,AMN,ELMD,CNC,NRIX,MNPR,AXSM,KYMR,CTNM,RAPP,TCMD,ESTA,CGON,NUTX,ALKS,CDNA,NSYS,DVA,ILMN,BWAY,INDV,ADPT,CYTK,MIRM,AVBP,PLSE,EMPG,AMLX,BRKR,AVTX,KNSA,LBRX,IART,PTGX,JAZZ,TYRA,LNTH,BRKRP,SRZN,BKD,CLPT,NHC,DNLI,TGTX,GLSI,AMRX,SPRB,CORT,CAPR,APLM,PARK,AKTS,DYN,GPCR,ACHC,PDEX,NTLA,TECX,BEAM,CON,PGNY,LIVN,NTRA,BHVN,OMDA,STOK,GRDN,TBRG,IMNM,HCSG,CVS,RIGL,ALHC,MD,BLTE,SNDA,UNH,PHVS,TEVA,CLDX,STAA,MLTX,CPRX,NRC,RPRX,NKTR,MOH,LLY,SION,CRL,PTHS,BLLN,ANIK,GKOS,NUVL,RARE,PRPO,BIIB,TECH,BLFS,INCY,ASND,GENB,ARGX,PCVX,PNTG,PTCT,MRK,NAMS,AUPH,LEGN,ELV,ICLR,SLP,DRUG,NPCE,RYTM,JNJ,UFPT,SNDX,CAH,MAZE,KMTS,IONS,ARQT,IDYA,EXEL,NBIX,RVTY,OMCL,SHC,NVCR,SRRK,BBIO,HAE,UTHR,NVST,HIMS,IRMD,CTEV,MEDP,HALO,PRVA,ELAN,HRMY,HSTM,ALMR,CBLL,GRAL,UTMD,ABBV,IRON,BBNX,HSIC,DGX,AMGN,DBVT,EW,CBIO,TBPH,CHE,ICUI,MDGL,IQV,ALGN,NVS,AGIO,FBRX,HROW,SIBN,ACAD,A,SOLV,AMRN,GSK,TEM,KIDS,KARD,HTFL,SMTI,BIO,SDGR,RGEN,BLCO,PEN,AZN,SPTX,BMY,TFX,BAX,MLYS,CRSP,FLGT,ANIP,LMAT,SGRY,TMO,LH,ASMB,RDNT,SUPN,GMED,INVA,PCRX,GMAB,NVO,CRNX,MTD,COLL,BMRN,PHG,BDX,AVLN,GILD,ODTX,ITGR,HQY,DXCM,TARS,STVN,AZTA,THC,LFMDP,ONC,COO,CSTL,BNTX,IMCR,DHR,MDLN,TRAX,CI,ADUS,TAK,LKFT,COAG,MCK,ATR,REGN,FMS,EHC,PFE,ENSG,COR,ATRC,IDXX,USPH,SRPT,TNDM,QGEN,MMED,STE,HCA,SYK,AMPH,SNN,MMSI,MDT,PBLS,GEHC,SNY,IRTC,ALC,ALNY,RMD,ISRG,CAI,QDEL,PAHC,KLRA,CNMD,UHS,ABT,ENOV,PBH,INSM,SGP,PRCT,OPCH,INSP,AAPG,AORT,PODD,TMDX,DOCS,BSX"
4,n/a,61,63,65,52,"LIME,BSP,HQWWW,BDCZ,ITG"
5,Technology,59,41,65,57,"SNDK,AXTI,MGRT,MXL,MU,ICHR,UCTT,BAND,INTC,BNAI,STX,AEHR,AAOI,LITE,BLZE,PENG,ALAB,AIP,MOVE,SIMO,OCC,ACMR,UMC,OSS,MRVL,DOCN,AMBQ,DELL,CHRN,BRUN,AMD,ALOT,ASX,COHU,SHAZ,HQ,KLIC,OUST,TSEM,FORM,MEI,TTMI,MKSI,MRAM,CIEN,AMAT,TER,LRCX,FLEX,SILC,IMOS,GLW,QUIK,COHR,AMKR,ASYS,PDFS,ARM,CRDO,LPTH,ONTO,SITM,STM,CIFR,SMTC,KLAC,NVTS,CEVA,BELFB,BELFA,BHE,MTSI,ACLS,ALGM,DDOG,LSCC,UMAC,ALNT,SANM,PTRN,SKYT,LASR,GFS,PANW,APLD,INTT,HPE,ATEN,AOSL,DAVE,EXTR,MPTI,FTNT,DIOD,SYNA,FROG,FEIM,RELL,KN,AEVA,MITK,CRWD,PLXS,DGII,ROG,POWI,ASML,ADEA,CGNX,ENTG,ON,TWLO,TENB,SEDG,HLIT,SNX,ARW,NVEC,OKTA,CCSI,RAL,KEYS,LFUS,AVT,CSCO,JBL,FSLY,TSAT,TXN,Q,TSM,GRRR,NTCT,NAVN,CLS,ESE,OOMA,RDVT,CORZ,INOD,FLYW,RMBS,FFIV,ARQQ,NTAP,CTS,NVMI,BTDR,ITRN,MPWR,RELY,APH,ST,AMBA,ADI,NOVT,SNOW,NSIT,PLTS,LYTS,SLAB,TDC,ASTS,NXT,CAMT,ALMU,MCHP,ANET,IONQ,QBTS,IPGP,NOVTU,SCSC,MDB,FN,NXPI,NYAX,RAMP,CVLT,QNT,BKTI,DJCO,MLAB,DBD,ENPH,RNG,QLYS,RBRK,MCHPP,IBTA,CLFD,CDNS,INGM,AKAM,QCOM,CNXN,FIVN,P,NET,AAPL,AGYS,AVGO,TDY,S,NATL,CRUS,ACIW,RDWR,FTV,SWMR,PI,RGTI,FSLR,NVDA,NN,CPAY,KSPI,PGY,CSIQ,GEN,QRVO,PRGS,GRND,DBX,PLUS,U,DAKT,PLAB,GRMN,IBM,SAIC,SWKS,DT,UPBD,GTLB,GCT,LIF,SNPS,CLMB,IBEX,BDC,NTNX,KARO,HPQ,ALRM,MSI,AVNW,LOGI,TEL,CDW,IOT,BOX,CLBT,EEFT,ADP,IDCC,ACFN,EVTC,SHOP,CHYM,PAYX,SMCIP,NTGR,STRF,CRWV,ALKT,CACI,SMCI,MANH,ESTC,STRC,TTAN,UI,UBER,SAIL,FICO,PAY,MSFT,DFIN,TOST,MQ,DCBO,GDS,JKHY,BILL,OSIS,IIIV,FORTY,PAYC,DSGX,APPN,SONY,PSN,NCNO,BMI,OTEX,ROP,BRZE,FOUR,SSNC,ITRI,APPF,PCTY,PLTR,QTWO,PAR,GDDY,OCTV,TEAM,CHKP,GIB,ORCL,STRD,DUOL,NOW,NICE,BSY,DOCU,INTA,SPSC,PTC,SAP,STRK,CRM,OLED,TRMB,EXLS,ADSK,CBRS,BR,SRAD,CALX,TYL,FIS,ADBE,GWRE,G,DOX,MNDY,CNXC,JKS,PCOR,KVYO,BL,LDOS,PEGA,IT,BLKB,CTSH,FIG,BLSH,ACN,HUBS,EPAM,GLOB,MSTR,INTU,EFOR"
6,Industrials,57,60,55,57,"BE,FCEL,SIF,CDNL,BUUU,RFIL,STRL,POWL,TH,PL,AGX,NCEW,MEC,FIX,MYRG,LGN,KELYB,CRS,RXO,ATRO,GHM,RKLB,DCO,CYRX,CVLG,PLPC,FBYD,CAT,PKE,GRC,CECO,ATI,MRCY,RHLD,ESOA,PKOH,IESC,AEIS,ENS,FPS,TWIN,ARCB,SPIR,ECG,ALGT,FSTR,JBHT,MTZ,GEV,TKR,HLIO,CMPR,GNRC,NVRI,SXI,GEO,HTLD,NVT,NPO,AIR,PBI,MATX,KFRC,ORN,PRLB,KNX,CXW,AAL,EDRY,DY,DAL,PWR,CMI,PRG,FTAI,MG,BLBD,ECO,PHOE,SNDR,ADUR,LUNR,ACA,EFTY,RRX,UAL,AAON,LSTR,MRTN,TFII,DXPE,ARMK,R,URI,HXL,PESI,LUV,LXFR,MDA,HURC,ESP,CHRW,CMDB,MSM,EML,FDX,SWBI,NMM,RBC,FA,RCMT,ROK,GNK,GVA,AZZ,CPA,BKSY,SAIA,GE,CW,CSX,UNF,ODFL,AIT,TRNS,GWW,HWM,TEX,MAS,SWK,UHAL,ESLT,IEX,DAC,OC,AADX,GFF,ASTE,EXPD,TATT,EME,ULS,MIDD,SBLK,RJET,CASS,DE,HUBG,TPC,NDSN,JCI,KMT,CARR,CR,SPXC,LTM,NSP,HRI,ARXS,HAYW,CNI,TTC,HEI,MAIR,TITN,AYI,LOAR,AME,TNC,GTES,BRC,FBIN,PH,TREX,APOG,ETN,ALK,UNP,KEX,SNA,AIRT,TT,TRN,ATKR,FSS,ESEA,GSL,CLH,FLS,ENR,UPS,LII,DLX,HONA,PCAR,DOV,INIO,FELE,MAN,MLI,NSC,EBF,CP,CAAP,APG,FLR,RHI,RBA,FER,GD,RTX,GHC,TRC,OSK,AMRC,TAYD,AMSC,CIX,LECO,JBTM,SARO,TISI,AER,HUBB,DCI,NX,CXT,ISSC,OTTR,TXT,ELMT,GENC,AXON,BBSI,MGRC,GIC,KRNT,GTLS,BWXT,AGCO,FAST,NPK,TNET,ITT,CSL,MATW,EMR,MMM,EMBJ,KE,ABM,RYAAY,BA,ITW,SEB,HON,CWST,SUNB,RTO,AIRTP,PAM,RYZ,CMC,FDXF,KAI,MSA,TDG,PAC,OMAB,CCEC,GATX,OFLX,CSW,DPC,DRS,KFY,SKYW,FTAIM,FERG,AERO,CDLR,NSSC,LMT,GPN,POWWP,IR,GXO,LPX,ATS,RGR,DSGR,HY,GBX,CAR,SPCX,MWA,REZI,BXC,LHX,PPIH,ROAD,GPGI,RSG,LNN,BCO,ASR,ICFI,J,ROCK,ALG,CTAS,AOS,BBUC,ALLE,BWMN,AWI,EPAC,POOL,TTEK,CAE,SYM,FLY,HII,GGG,ESAB,FCN,IIIN,ONT,LMB,EXPO,NOC,CBZ,BLDR,MIR,SITE,CNM,CDRE,KBR,GFL,QXO,OTIS,EROC,CRAI,DLB,AMTM,NNE,KRMN,KTOS,BETA,PRIM,PNR,RELX,EFX,EQPT,AVAV,ULH,CPRT,MMS,AVEX,STN,TRI,BAH,HURN,ACM,EVI,HAWK,PSIX,MFPVV"
7,Financial Services,56,69,58,53,"MAAS,HUT,SEZL,KF,ENVA,ATLC,RIOT,EZPW,ECPG,SNEX,CCXIU,PRCH,TWN,CARE,CCXI,MRX,UFCS,MSBI,PGC,BFH,CMTV,AAMI,GCBC,AFJKU,IREN,STK,RVI,AFJK,BOTJ,CACC,FSBC,IBKR,CHMG,OPY,BEN,TD,FNRN,AFRM,AMAL,RBB,TRST,STT,IX,ALRS,UVSP,FRAF,FSEA,FOA,CZWI,MYFW,PKBK,BMO,BSTZ,AROW,LIFE,TFIN,HAPN,GOLD,EMF,MBIN,UVE,FISI,PLGO,PS,OBK,CM,BBAR,CBNA,BAP,RY,FRST,BWFG,HFBL,SHBI,ATLO,AMG,FCFS,PCB,TMP,BPOP,NEWT,PFIS,FCAP,NP,SMFG,DCOM,IFS,C,CLBK,CBK,NBN,FFBC,BLX,BNY,ACNB,BNS,CBC,OBT,SMBC,RBKB,FNLC,BMA,GSBC,BSRR,MS,TFSL,CCNE,GL,CIB,THFF,PDLB,MCBS,AVBH,CFG,SFST,MCY,BST,FVCB,CNOB,BY,CATY,EGBN,PMTS,CAF,SMBK,SRBK,PBFS,PLBC,RBCAA,MBBC,HQL,INBK,CIVB,KINS,FUNC,MCB,HSBC,NTRS,EBMT,AMTB,FXNC,CTBI,RRBI,UMBF,BCS,CAC,CNO,MUFG,SRCE,HAFC,CFBK,HG,TSBK,DGICB,PEBK,AVBC,FITB,PFG,BBVA,AIZ,CPF,HBT,CWBC,LOB,FULT,BWB,SLF,FBNC,UBS,LSBK,STBA,SBFG,NIC,GS,HWBK,PEBO,FBP,HBNC,NTB,EBC,FMBH,QCRH,OSBC,BUSE,NXG,NECB,RM,ABCB,AUB,ISTR,HQH,PNC,ECBK,CZFS,ING,HBCP,FLG,COLB,FGNXP,FMAO,LARK,SKWD,THG,USB,BHB,MRBK,CCD,HTB,BVFL,AGM,BCAL,MBWM,FBIZ,BCV,SIGI,NODK,NWBI,EWBC,BFST,AIO,ASB,BOKF,CFFI,BANC,HWC,IVZ,FCF,ITIC,MVBF,MFC,HFWA,FDBC,PFS,BFC,TCBK,FHB,EFSC,LMND,FCBC,RNST,FIBK,SFNC,BSVN,TRIN,UBSI,FBLA,ORRF,HOOD,CEE,FUSB,TROW,ASIC,MNSB,ESQ,NWG,OFG,KEY,HMN,MTB,NFJ,HASI,FNB,UNM,COFS,EIG,GABC,INDB,CCBG,CINF,CVBF,NBTB,EFSI,RF,CUBI,ONB,NBXG,DBRG,FCCO,BOH,COSO,BPRN,CFR,CBNK,NRIM,PFBC,NCV,NPB,AX,CII,TRV,BHRB,HYNE,SBSI,TRMK,NWFL,SFBS,UNTY,LCNB,CNS,NCZ,BKU,BOW,ALL,TCBI,CBU,GLXY,MPB,PBHC,GBCI,EQBK,CZNC,RNR,SHG,BMRC,MCHB,USCB,NBHC,ACV,HTH,HIFS,BCML,BAC,FRME,UCB,FDSB,NKSH,ADX,CBFV,SPNT,PRK,PRAA,SRV,CPBI,RVT,BBT,OVLY,FHN,ACT,CB,FAF,KB,FGBIP,IBOC,MET,SII,ALLY,OPBK,BCH,JMSB,CSQ,EVT,SYBT,CLST,SBCF,BME,GGAL,IBCP,RMBI,CBAN,FRBA,GGZ,QQQX,FSBW,FFIN,OVBC,L,ETG,ETO,OZK,GAIN,BTO,PRI,CASH,IGIC,SPFI,CHCO,NIE,LGI,FNWD,BUI,NBBK,TCBX,CBSH,EVR,BETR,TFC,BSAC,JPM,AFBI,SLDE,FCNCA,GSIW,SPXX,UBCP,BHF,MXF,MKTW,BCAT,HBAN,GLRE,GDV,CSWC,AUBN,GAM,FBK,LCLN,AFL,SEIC,PROV,FRHC,OCFC,RDN,TOWN,ETOR,PB,TY,RGA,TBLD,BANR,FSUN,ASA,SSB,HCI,EG,SYF,PRU,UTF,JCE,FFA,AXS,CNA,RMI,PNFP,AXP,RLTY,BMEZ,ATLCP,THQ,AFG,TBBK,TCBS,CET,ASGI,FHI,EOT,HNVR,NEWTP,ETB,MBINL,LKFN,ECAT,MEGI,NNI,DB,ESNT,PLMR,ACGL,MSBIP,OMF,MC,TWFG,CNOBP,UTG,HTD,NMIH,HOMB,MMD,MSCI,PEO,ECCC,MBNKO,SCD,SATA,GLU,GUG,FRBT,DGICA,JXN,FDUS,LDP,HRTG,EMO,MGYR,STEW,MBINM,SAFT,MBINN,STC,BUSEP,IOR,JCAP,ISBA,MTG,BWIN,BTT,BOT,HIPO,OCCIN,MIAX,OXLCO,RJF,BWBBP,CCID,SOR,FFC,EIIA,OXLCN,EICA,SPME,BMN,SLMBP,PSF,EFSCP,HPI,ETX,SLM,CRBG,DFP,OCCIM,IBN,PGR,AON,SCHW,ONBPO,SFBC,MNSBP,HIG,JEF,ONIT,UMBFO,PTA,BANF,PDPA,BN,ONBPP,SPMA,ORI,CCNEP,HPF,NPFD,UNB,AMP,SDHY,NBB,EOI,HBANL,MCO,COF,BBN,FLC,PJT,EOS,RKT,BNT,RNP,FRMEP,PUK,IGI,OZKAP,TIPT,EQH,GBFH,FPF,NTRSO,GLAD,SAR,AIFU,MKL,MA,RLI,BPYPM,KLAR,MSDL,FULTP,ACGLN,IIF,PFX,AIG,CBOE,AGO,AII,TREE,BANX,UPST,SIGIP,LNC,TCBIO,SF,CRVL,ARCC,JLS,PSUS,TYG,FCNCO,HBANZ,TRU,PDX,HTGC,FG,BLK,ACGLO,SOFI,AB,AJG,HBANM,FNF,ROOT,FCNCP,NDAQ,PDI,APO,HBANP,BHFAO,FIGR,PIPR,BXSL,MRSH,MCI,MAIN,AMSF,MPV,BAM,FDS,RYAN,KNSL,LAZ,LPLA,GBLI,SPGI,ERIE,DXYZ,BX,QFIN,CCB,TW,PWP,BRO,APAM,HERZ,GSHD,TSLX,HDB,HLI,PFSI,ARES,KKR,TPG,CME,CG,PYPL,MORN,ICE,TRUP,STEP,KMPR,FUTU,COIN,HLNE,MKTX,CRCL"
8,Basic Materials,53,32,33,49,"HYMC,NWPX,MTRN,RMIX,KALU,FRD,ELVR,ALM,ODC,CSTM,ESI,PRM,CLMT,GPRE,AYA,CMP,SOLS,NUE,USAR,MT,STLD,HBM,KOP,AUGO,BHP,SSRM,REX,SXT,SQM,CC,CGAU,CENX,HL,KWR,TECK,SCCO,NGVT,TTAM,FCX,JHX,IDR,RS,ASH,ALB,DD,RIO,SSD,SKE,AG,IAG,CBT,AXTA,IFF,MTX,CMT,TX,PPG,MP,SMG,ERO,AAUC,MUX,NEU,LIN,BVN,SA,SCL,ACNT,CTVA,APD,AU,INHD,MTUS,HCC,B,AVNT,OGC,CF,CDE,EGO,UAN,EXP,NEM,ELE,AA,IOSP,KNF,BCPC,SHW,RPM,ECL,PAAS,SIM,USAU,PPTA,MEOH,AMRZ,TFPM,FNV,NTR,CRH,MLM,BCC,KGC,IPI,EMN,UFPI,FUL,PKX,AEM,DOW,HMY,AMR,ASIX,RGLD,OR,SMID,GFI,IPX,LYB,HWKN,DRD,CLW,CE,USLM,TGLS,MSB,REA,AGI,SLVM,OLN,CMCL,CTGO,MOS"
9,Energy,51,28,19,68,"NESR,NGL,EFXT,SEI,KGS,DK,NBR,PBF,INSW,PARR,FTK,OII,FET,FRO,PBT,DINO,LBRT,FTI,TEN,AROC,MPC,CVE,AESI,TRGP,EE,NGS,SUNC,TS,HP,STNG,LPG,DHT,BWLP,TRMD,SUN,PSX,INVX,LB,DTM,NOV,APA,TRP,SOBO,PAGP,HAL,PAA,OVV,TNK,TPL,PR,FLOC,TDW,PBA,SDRL,GLNG,SMC,DKL,IMO,AM,SLB,SU,FLNG,PDS,E,NVGS,NE,KNTK,PBR,EPD,BKR,REPX,RNGR,FANG,CAPL,ENB,EQNR,CCJ,ET,OKE,TBN,KMI,GLP,USAC,CQP,EOG,CNQ,TTE,MPLX,BKV,APC,IMPPP,HESM,DVN,NC,SM,CHRD,LNG,TGS,MUR,SBR,CVX,DMLP,COP,MGY,EROK,SHEL,BP,MTDR,OXY,NCSM,HMH,CRC,CNX,CVI,PNRG,NRP,ARLP,RRC,AR,BTU,EQT,CNR,NFG,GPOR,EXE,LEU,NOG"
10,Real Estate,51,63,54,52,"HPP,CBL,PEB,OUT,PSTL,FVR,MAC,APLE,ARL,NSA,RMR,RHP,AAT,HST,FOR,NHPAP,PINE,NHPBP,SEG,DOC,LAMR,COLD,CDP,CURB,IRM,NHP,SPG,JAN,AHR,CTO,HIW,LINE,ALX,MDV,IIPR,KRG,HR,IVT,CUZ,LXP,EQIX,CCS,SKT,BNL,FRT,STRS,CHCI,KRC,CTRE,NTST,PSA,GTY,KIM,TCI,EGP,PECO,BFS,CHCT,UE,DEA,OHI,ESS,OLP,BRX,FR,SLG,UHT,NREF,MMI,PLD,UDR,TRNO,NNN,CPT,JOE,INVH,BXP,BXDC,EQR,SAFE,EPR,REG,AMH,EXR,LTC,AKR,ADAMN,FRPH,ADAML,AXR,JLL,STAG,NLY,IRT,ELS,AVB,ARR,MAA,CUBE,MLP,BRT,IRS,SBRA,O,ADC,LANDO,HHH,LANDP,DLR,ADAMZ,SMA,ADAMM,FCPT,NMRK,MRP,UMH,AGNCL,SDHC,AGNCM,BPYPP,AGNCP,NXRT,AGNCO,REGCP,NHI,AGNCZ,AGNCN,EPRT,MAYS,GOODN,REGCO,RYN,GLPI,SUI,CBRE,SBAC,ARE,CSR,REXR,ACR,JBGS,FSV,BEKE,AMT,BXMT,STWD,NEN,CCI,OZ,CIGI,CSGP,OPI"
11,Communication Services,50,51,51,46,"GIBO,QMMM,BBGI,ATEX,STFS,NBIS,IRDM,STRZ,SPHR,GSAT,ADV,SIFY,TIGO,LILAP,SCHL,MSGE,ECHO,GRPN,MSGS,ROKU,GOOGL,GOOG,KYIV,MCS,MANU,SIRI,SKM,ATNI,MGNI,OPRA,EVER,BATRA,BATRK,APP,LYV,LLYVK,PPLI,MTCH,LLYVA,PSO,RDDT,IMAX,AMX,CNK,JOYY,QNST,TTWO,SBGI,EA,GRVY,BIDU,NYT,FWONA,IDT,FWONK,CHT,NTES,TKO,OMC,NXST,NWSA,TIMB,NWS,META,TDS,CRTO,RCI,PINS,LBRDP,DIS,ATHM,BCE,FOXA,LFTO,FOX,PHI,KT,SPOT,CMCSA,TMUS,RBLX,BILI,T,AD,NFLX,GLIBA,GLIBK,LBRDA,LBRDK,TTD,CHTR,CABO"
12,Consumer Cyclical,48,61,54,47,"ELA,NDLS,GTX,INTG,MOV,MYE,LIND,FLXS,COOK,CALY,BJRI,MOD,CBRL,PRSU,RSI,HOFT,PLOW,CTRN,LOCO,ANDG,KSS,LTH,CAKE,SN,BWA,CROX,OPLN,GOLF,TILE,BDL,CVEO,M,HZO,RCKY,BWMX,LGIH,FTDR,MCRI,LQDT,DIN,CYD,AIN,HBB,PHIN,ETSY,PENN,GCO,BZH,ESCA,IHG,MGM,H,BROS,BH,KRT,CASY,OSW,MUSA,EBAY,MGA,CRI,JACK,RUSHB,SHOO,MLKN,AAP,GIII,TRS,MHO,RUSHA,MTH,HGV,MPAA,BSET,LEVI,ROST,RL,MAR,REYN,HOV,JAKK,MCFT,PRKS,TPR,JILL,BC,KTB,PII,MLR,GRBK,EXPE,LEGH,TOL,SON,LEA,TNL,TMHC,CVCO,HVT,SAH,EAT,SBUX,HLT,ALH,ALSN,SKY,COLM,STRT,LZB,PKG,KMX,CZR,ABNB,BBY,GEF,GM,RRR,DORM,SW,DKS,TXRH,PHM,BOBS,BURL,MHK,CAVA,BALL,THRM,CART,AMZN,CCK,AEO,TSLA,DHI,PAG,DAN,KBH,JOUT,RIVN,SMP,RGS,SLGN,HOG,BIRK,GNTX,BYD,PVH,RICK,AMCR,GLBE,LOVE,FUN,RCL,BOOT,ATMU,TJX,QSR,FIVE,CCL,DRI,CHH,URBN,BBWI,HNI,MNRO,MMYT,ALV,RVLV,SGI,NCLH,GPC,HMC,HD,CARG,LAD,NATH,SIG,ANF,RH,CPHC,DECK,MTN,ORLY,DDS,HAS,HTHT,HRB,CPRI,FND,AS,GME,CVNA,DASH,IP,RACE,AVY,OXM,SCI,LCII,IBP,LOW,CPS,NVR,PSNY,BKNG,CMG,DOO,GIL,PZZA,ASO,KEQU,DFH,CHDN,AN,ABG,ATAT,MBUU,AZO,SE,ETD,MCD,ADNT,FOXF,DKNG,ONON,KRUS,SHOE,LVS,LEN,CSV,ULTA,TM,MELI,JD,LKQ,HSAI,THO,APTV,BKE,PATK,GAP,CPNG,DPZ,PDD,GPI,BFAM,ROL,EYE,BABA,NKE,TCOM,BGSI,FLUT,TSCO,LULU,BBW,CHWY,SHAK,PLNT,NEGG"
13,ETF,45,42,46,46,"INTW,MUU,LAZR,MULL,SNXX,LINT,MRVU,SNDU,BWET,UVIX,DLLL,AMDL,LABX,AMUU,MVLL,AMDG,SOXL,LRCU,BEG,OSCG,KORU,BEX,OSCX,ARMG,KEEX,PALU,KLAG,CRDU,PANG,NEBX,CNCG,NBIL,TERG,NBIG,LNOK,LABU,HUTG,CRWL,AMA,ARMH,STHH,DRAM,UNHU,ASMG,OKTG,GEVX,TSXU,PSI,CSCL,AIS,CHPS,LITX,HIBL,FTXL,STXX,TECL,STXL,TXNU,SOXX,USD,MRNX,PILL,GLWG,GEVG,TSMU,SOXQ,AALG,TSMX,AMAU,EWY,FLKR,TXXH,TSMG,GGLL,COHX,GOOX,CHPX,SOXY,SMH,EMEQ,IGPT,MKOR,DECO,TEKX,ASMH,SHOC,ROM,KSTR,TNA,TINY,URTY,UNHG,AIVC,TCAI,HECO,CIFU,NVTX,TQQQ,RIOX,SMHX,FLTW,BBC,QQQA,HYDR,PSCT,EWT,RKLX,PTF,EDC,LLYX,TRFK,CHAT,ARTY,UCYB,ARKG,SBIT,SMST,ELIL,TTXU,SNDG,GTEK,COZX,MINV,IBAT,THYP,KNCT,MCHS,QTUM,SPRX,ASMU,TPOR,CARZ,DPST,BAI,BIB,CNXT,SNOU,CNAV,THNQ,AIFD,UWM,CHPY,FTHF,ETHD,IPOS,SBIO,SGRT,UFOX,QTEC,CSD,QLD,SAA,LRNZ,SPCL,APLX,CTEF,AIBU,MAKX,MIDU,FDTX,FRDM,QQXL,EET,EPAI,UMDD,NRSH,STXE,ROKT,LFSC,MQQQ,RSPT,AFOS,BULD,QQQP,QCLN,GNOM,AIA,DUSL,RULE,BHYP,LOUP,NXTG,ASTT,EMSF,UGA,APHU,CTEX,PRN,MNRS,TTEQ,TEK,IXN,FWD,AIPO,DVXK,SPTE,FAI,SPXL,IQM,NBCE,UPRO,KEMX,OPTZ,NXTE,POW,QQQS,NFXS,DTCR,EMXC,QQQG,FCLD,EMDM,PBOT,PBW,SPHB,PEMX,FYC,PATN,PSIL,ILIT,FPXI,DARP,FRWD,SGRW,KOID,FCUS,SPAM,FITE,UDOW,PIE,CNRG,JHAI,AGIX,EGGQ,FMTM,SPMO,EEMO,DRIV,AIQ,IBRN,TRFM,CVRT,LIT,ASTG,UFO,IYW,IDNA,SBU,MTUM,REMX,IWC,SEMI,IGM,TSNF,JETS,IBOT,UXI,DEXC,FPA,STRN,HACK,EMM,DWAS,DFEN,ALAI,SVIX,FESM,SPCG,RPG,AAPB,FBT,FTEC,DEHP,UMMA,EMES,ASIA,OAEM,RZG,AVXC,GARY,ASHS,PWB,MEMX,PTH,CIBR,AIRR,EPSV,PBRG,GEME,IDGT,BUG,SPIT,BBP,NYSX,SNSR,ECON,JSML,FFEM,FXL,IPO,MVV,HSBH,FEMR,AAPX,TEKY,PEXL,CAFG,TEMX,ACMM,GGTL,CANC,IBX,GOU,DGRE,EMCS,BCTK,FXP,AMOM,CBSE,CHAU,ROBO,FYX,ASCE,SCDS,AFSC,IHAK,ISMD,IVES,CPAI,EVLU,QQQJ,PCLN,MRAL,JEMA,CURE,EZJ,GTOP,AAPU,CTEC,SNK,AGEM,ANEL,FSCC,GSC,SEEM,USMD,DBEM,PSWD,DIEM,HVAC,JTEK,BOTT,SCHA,CLSE,HEEM,JXX,SPCQ,RUSC,BCHI,JADE,LIMI,OPPJ,FPX,HELX,ABNG,DXJ,RZV,GARP,COPA,MFMO,MMSC,AAXJ,AFSM,HYP,MADE,EQLT,NACP,CNBS,PSCH,EMOP,EWO,SPUU,EPIN,SSO,ILDR,NTSE,AOTG,ETHO,IHE,EPEM,IBBQ,BIBL,DBJP,TSME,EEMX,CNEQ,REMG,IDHQ,BOUT,FTXR,PDP,QTOP,TMAT,AVSC,ICLN,QQMG,IWO,SAWS,LCLG,BBSC,MSTC,DFTT,TEC,EPU,IJT,SLYG,FLAX,JMOM,MIGO,EEMA,MVPL,FFSM,HEWJ,BSVO,IHF,GXPT,DFEV,BRIF,BLCR,SPYQ,IWM,GVIP,TAN,MARS,NBDS,CLSX,RSSL,RSSY,SPWO,EMGF,BOBP,FTXH,GRNJ,PRFZ,TMED,BUYO,KNO,DDM,QQQM,NODE,IWN,QQQ,FAD,AVSE,TECB,EMXF,QVMS,IBB,NIXT,GQQQ,JSMD,GFLW,SAMT,HUMN,BKEM,ACSG,UPGR,HWAY,RWJ,EEM,OASC,IONL,EQRR,TRUT,GSSC,PWRD,MEM,PSCI,ETEC,DVQQ,IGTR,LQAI,IJR,GEM,FLJH,CGGO,BMNZ,GSEE,PBD,FFTY,SPSM,ATFV,PSC,SMMD,MNVT,RKNG,URSP,FCVT,SUPP,AVEM,EMKT,FBX,TUG,RWEM,ESSC,TMSL,COPP,FSML,MOTO,SQLV,HAPS,GSIB,FYT,CHGX,SVAL,PLTL,SEIM,GNMX,TOS,LOPP,ROAM,TEMR,DFAE,ESGE,PJP,NBJP,ROE,USXF,TFPN,ESML,USNG,TSCV,DFMC,NULG,TCV,MSSM,JVAL,GRID,FNY,MYLD,IJS,QEW,IMCG,PRVS,FBOT,EES,AGOX,MJSC,ARKQ,GRIN,OMFS,IEMG,RSST,EMCR,PXJ,BBEM,DFEM,MEMS,UCO,JHEM,FV,SLYV,TPLX,GCAD,ROSC,LSVD,ICVT,BKSE,SEIS,AVUV,FNDA,GOP,SCHM,IYZ,PJFV,RFG,QCML,ARKX,ICOP,HAIL,LITL,PBE,HLAL,QQQE,SETH,SLX,SMIZ,SNPG,SMCC,USSE,QVMT,DRGN,ELFY,KOMP,ISCG,BBMC,EPSB,PSCM,FNGG,BELT,FTC,EPMV,PIEL,QABA,JMEE,AVLV,FRNW,EMMF,FBCG,SEIV,KBWB,UPV,EURL,GRPZ,ACSV,KBWY,BITI,CVMC,SMLF,MNZL,RAYJ,FVC,EMC,STCE,FFLG,EWN,TOLL,SFLO,BRNY,USVM,SPHQ,SMLV,RSEE,TDV,MSSS,FDM,AVSU,IYT,SFYF,SPCI,CVIE,RHRX,PINK,QSML,AIMS,PAVE,SYZ,JPSE,BATT,TDIV,SVXY,RDVY,TFGZ,FRTY,RESM,ARVR,SHE,FDLS,GTPE,IQSU,FDMO,OVS,BITQ,QGRW,SURE,GK,OIH,QSIX,RXL,IVOG,TVAL,ITAN,HBTA,KRE,EMET,TMVE,MDYG,IJK,PBEU,IAT,FRGN,DEEP,COLO,ACEP,RFEM,GREK,ONEQ,SGLC,PICK,BAMG,FSMD,DFAS,HIMZ,ALTL,DES,JHDV,DFUV,SETM,COPX,SKYU,ITWO,LSEQ,FDT,CWB,ADVE,ISCB,IONX,HAWX,AINT,FDIF,USRD,GLRY,DBAW,MIDE,CLSM,EFFE,JDVL,HTEC,JPSV,ESGG,DBE,FIDU,ONEO,OALC,JPAN,QCMU,EBIT,SMRI,BKCH,SPUS,DIVB,FELV,AZTD,MEXX,IEZ,NTSD,CGNG,BUZZ,EART,DFSV,SMDX,GURU,IUSG,IQDY,FDRV,TLTE,DWUS,QQEW,LEAD,IUS,USO,QEMM,IVW,FXZ,NUSC,MFEM,DVLU,STXK,SPYG,AFMC,BREE,PKB,IWX,PJBF,MEDI,ION,SRHQ,PRF,ELCV,ABFL,IWD,GLBL,INRO,MEDX,LST,SFTX,EGUS,TCHI,SMOX,GVUS,FAN,DVIN,RNIN,IQSZ,DFAT,BKDV,FTXO,MATE,MAVF,QTUP,RFLR,GVLE,CORO,SFY,STLR,QTJA,HFXI,AVLC,EFO,EDGE,BLUX,QQUP,ESIM,CGXU,CPXR,AVUS,RVER,QQH,DGRS,DRES,RSPE,FDEM,IVSS,KBE,PAMC,THD,RGEF,STXU,FEX,KBA,DRAI,UXJL,IMCB,DWAW,SAEF,QXQ,CALF,JPY,RAFE,EPMB,IWS,NASA,FGSM,PTNQ,DFSE,SSUS,IDEQ,CQQQ,CBLS,ESN,QFRD,FIVA,FNDB,CGDV,DFLV,SCHV,GVAL,ISCV,SECT,CVLC,EAFG,AAUA,ITA,CRAK,EGGY,AVGE,TINT,ILCG,MSEP,MFUS,KLMT,NUEM,BGRO,RWK,BBH,ESLG,LEXI,RDOG,JQUA,AVGV,UCTX,TNXT,UDIV,ACVU,TESC,ROUS,UPSG,SMCF,DUKQ,QVMM,LPRE,LSAF,FNDX,APHG,QMOM,FNX,IQQQ,CDEI,SIXS,JIG,QLC,QGRD,MGV,EWP,SPXE,IJH,GXUS,PJFM,EBI,IVOO,SPMD,IQSM,TIER,QNXT,BALQ,AGIQ,NANC,GSGO,DYNF,MGMT,MDY,FFLV,ONTX,FMED,ACTS,PXF,CGVV,ULVM,DEMZ,FNDF,RFFC,EYLD,MCDS,USNZ,PSCF,LCAP,DSI,JIVE,FEAC,FLCV,THRO,SHPP,SROI,LRND,HEZU,COPJ,ROBT,EEMV,UBOT,SCJ,AVGU,TPSC,MEMA,DSPY,SPXN,QQWZ,INFO,PVAL,IMOM,DVXV,MDAA,SUSL,JHSC,TDI,UXAP,SUSA,BLCV,PTL,PRXV,DFAC,RBLD,QRFT,EFIV,CSEX,QTAP,USSG,ITEQ,SUPL,FFOG,BINT,AQLT,UXJA,CSTK,TSSD,ESGV,QPX,SNPE,PTIN,FCTR,DBEZ,TSPA,DUBS,TUGN,APUE,CNYA,BESF,IFRA,UYM,NURE,ASHR,BLGR,FLQL,GLOW,IFLO,EFNL,ASGM,HFEQ,UXOC,PIZ,TILT,GRNY,CARK,MOOD,TGLB,PRMR,CGMM,EDGU,DBEF,DFUS,QLTY,EWJ,SCHF,ACSI,PEPS,TAX,SMDV,REZ,PTMC,DCOR,GUSA,MGK,RWL,ISRA,FDG,BEDZ,FTCE,FBCV,ESUM,PWER,ROBN,ITOT,PWV,TOPC,FELC,DESK,TDVI,NUGO,PZLV,ESGU,DXUV,JEDI,RNWZ,IWR,SCHB,JUST,HEFA,FLJP,BGDV,USRT,JPXN,ALIL,CLCV,ESG,IDUB,FDIG,BRIE,IBLC,DUSA,ITDJ,MGC,DFAU,CGUS,TEXN,BCUS,JHML,GOGL,AVUQ,FLQS,STXG,IOO,ITDH,GMF,SPXV,ITDI,IQDF,BRCE,IWV,CSMD,HWSM,DFAW,JHMM,HFGO,JSTC,ITDG,SPGM,BASV,TINS,EPS,BSMC,TOV,QVAL,SPTM,PALC,NSI,SCHK,FXR,QTOC,QVML,OAIM,CGGE,ILCB,QDF,FFLC,TOT,DBO,AVGG,PRXG,IYY,RWR,STXF,FMTL,EZM,FAB,GLOF,DVSP,SPYM,BBRE,GPIQ,HQGO,OMFL,QQHG,STNC,IVV,IMFL,USL,JAVA,LFEQ,NUMV,SIMS,EDGQ,DAPP,GSUS,GSKH,IWB,ECML,BVAL,BKLC,FJP,TEQI,SPYX,HCMT,FEM,FFGX,QUAL,HSCZ,FRI,RDVI,RAUS,USPX,ACWI,ROCQ,KLMN,GGRW,STOX,IWL,AAAA,GSPY,FCTE,KDVD,ADPV,SCHX,PBUS,RGLO,BBUS,DBEU,DOL,ACWX,BLUC,EIRL,TGLR,STXV,KQQQ,LGRO,QLVE,SPDW,ITDF,SPDG,SAWG,FEUS,REIT,EXI,CWI,IYM,NOEQ,AVMC,SMCO,NULV,PFDE,LVDS,HIDV,RFDA,EWI,AESR,DSMC,CEFS,NELS,EMPB,REVS,PPA,LDRX,JRE,JUSA,SSMG,EUFN,EWK,EIS,BKMC,GUSE,ABIG,EKG,PPTY,DFAX,FFOX,MCVT,SCDV,EMOT,KNGZ,FVAL,URE,COWG,AVMV,SFTY,PRNT,AIEQ,ABCS,BBJP,MBOX,OEF,AVNM,CSM,AIVL,COIX,GXLC,LCDS,PYZ,FINT,TCAF,GPT,LCTU,GSJY,PSCU,FXH,IVOV,SDVY,IYJ,SKYY,IXUS,DFVE,CPER,JUDO,DNL,DGLO,RND,AAVM,AVGX,RSPN,COWS,DFSU,FLCE,MODL,BBLU,SURI,CGIC,FHLC,SPVM,AAUS,GROZ,DIA,CRBN,AVDV,IVLU,GINX,AFLG,SPYA,HDUS,TMFC,AHLT,JPME,DFVX,FMDE,NBSM,IJJ,AIUP,LRGF,MDYV,UPGD,MFUT,QARP,HRTS,AMZZ,EPOL,IMCV,GINN,EQWL,GMOI,FTA,URTH,CLCG,LCOW,LGDX,SMOG,USMC,LSAT,HGRO,RSP,RSMV,TOK,ALRG,ILCV,TOPT,RJDI,SEIE,EWX,CGGR,CATG,LRGC,RPV,QQQU,FSEG,ITDE,BLOK,SCHG,ENHU,PEJ,DUHP,PIPE,PSCE,EXEQ,TOUS,DUNK,FDRR,CZA,EVUS,EUSA,GGUS,EWJV,IWMI,PSCD,RSMC,SNAV,EQAL,FLCC,GSEW,FTIF,ACGR,BWTG,GSWO,MPLY,SYLD,EXUS,DGT,CNQQ,SSPY,FPAG,DEM,NVDL,DAK,ABLS,SCHD,NPFE,TDAQ,PJIO,MBCE,PEY,ACVF,SMIG,HOOG,PVEX,DJD,PSCC,FEOE,RSPH,CATH,AGMI,PSR,BFXU,UIVM,MAGX,ONEY,NXTI,SPGP,GDIV,ACLC,AGRW,EAOA,FELG,BBHL,ORCS,DDIV,PGRO,NTSX,PJFG,CHRI,EINC,TDAX,IETC,RFV,NULC,HAPI,CQTM,GSLC,IYH,MFSG,BMED,LEGR,SPEM,JPUS,FMCX,ERX,AVES,DFAR,TBFG,KRMA,DEUS,DFJ,NVIR,MSLC,FDTS,AVIE,PPH,EHLS,SCAP,SCHH,BUL,ARKK,BOTZ,SQS,KOKU,MVFG,DIG,TMFX,JDOC,GRPM,AVNV,AVTM,SDOG,FMCE,BAFE,ADME,ESLV,ACES,BCGS,RINT,DGRO,FQAL,IWY,GXPC,QQA,NBCR,TSPX,TACU,PQUS,USCI,PRCS,USEW,SCHE,FFDI,FFND,CCNR,GEOA,MTRA,CCSO,TSCM,MGNR,EUV,SIZE,PPI,BUSA,SHUS,DMXF,FENI,JDVI,SPXD,DFIV,FEMD,GMOV,EWC,TDVG,BBCA,MAYZ,PQNT,PTEU,OVL,JOET,SQLT,RSSB,QDPL,QBIG,LATR,SFGV,AFGR,MCOW,IWF,FDCF,IPAC,TSRS,BNO,REMC,DVND,SILJ,RDIV,TRND,TXUG,JHID,NZAC,BOAT,PRAY,QUIZ,IDMO,AVMA,RECS,FLOW,DIVI,JUNZ,AOA,IHDG,FNK,ITDD,PABU,EDGI,TGRW,FLCA,DFNL,HEDJ,DTD,PRAE,ARWG,FXN,ICF,SPYC,SPLS,CSB,IMTM,PSFO,HOOX,BGIG,OSCV,AVIV,FHEQ,SNPD,DLN,DYTA,TALV,DIVD,PIT,AVSD,PHDG,BLES,NDAA,HTUS,GDOC,QFLR,MSTB,TSES,PEVC,EEMS,CAMX,NBGX,CLIM,SLVP,TGRT,IZRL,THIR,FDVV,DHS,AVDS,EDOW,CDC,PZIV,JIRE,TXUE,TRUF,DGS,IWLG,DXIV,DEW,IVSI,SCOW,BTR,CDL,JANZ,AKAF,PSFM,SIXA,SPBC,BRES,THMZ,REFA,RHTX,JPEF,SEPZ,ENFR,TUR,RSPM,EAOR,STXD,DDXX,UDI,DVXE,TLG,CGCV,AVDE,APPX,EZU,REET,FLEU,DIVG,TXS,FLV,DFAI,PFI,IUSV,HAP,BDYN,QDEF,BAMA,GSID,FPRO,DFIC,JPRE,DBB,FCPI,OPPE,TIME,MSTQ,ACLZ,QUS,LVHI,FXO,IWFG,IVE,QVOY,GSG,ROPE,ASD,QINT,PSAI,PSFD,IQSI,CSRE,FEUZ,SPYV,NUDV,DIVY,TACN,PRTO,OZEM,AGQI,TIIV,PSTR,AAEQ,BAMV,RSPG,MMTM,SMOT,INTF,RWO,AV,QTJL,KARS,BLDG,RFDI,JGRO,USCA,RITA,FLRG,ONOF,SDCI,UPSD,ISVL,USCL,KVLE,EQTY,PFM,MLPX,FYLD,EIPX,FDD,CRED,LGH,FEGE,FEZ,PGRI,GDMA,GGM,MXI,MISL,INTL,GAMR,NITE,PIEQ,QTR,PABD,CRTC,SPDV,DECZ,FTQI,NVDU,NETL,IXG,DVY,MRSK,EASG,INDS,APIE,AUGZ,FPXE,IDEV,AVEE,STLU,TPLC,LRGE,ASLV,AMID,INVN,TSL,NUDM,SPD,FEBZ,MARZ,DISV,SEPI,THLV,OVLH,CGBL,APRZ,FMAG,THEQ,EQL,RAAX,EFV,PSMD,NOVZ,EFG,POWR,TMDV,LASC,OCTZ,MFIG,DEEF,PBL,INCE,PTLC,DGRW,MFSV,GLAM,MAGS,EGGS,RDTL,CFA,EFA,AAOX,BKIE,DFIS,ITDC,CFO,IQRA,EFAX,ENDW,DUKX,HGER,IEFA,ESGD,SFLR,IVVM,FMET,BBIN,RSBY,EWL,BCSM,ISPY,BDIV,MFSI,DON,FLSW,IQLT,TBG,EQIN,NOBL,LCF,SPUC,IPAV,CAML,JMID,GARA,FNDE,PKW,AIVI,SMOM,UMI,REAI,CERY,DIVN,EGLE,GSEU,HDV,TPYP,PXI,TRUH,PSCW,IAK,SPYD,TDSC,OVF,BBEU,ACIO,TBXU,IDVO,BAY,HAUS,BEDY,ORR,FNDC,PSMR,IMF,DDWM,RODM,ILF,EWW,FREL,IEV,GWX,FOWF,DVVY,SPRE,DFGR,FEP,CVY,GFGF,FLDZ,DIHP,SPXT,GSIE,NATO,DVXF,DVXB,JOYT,DVAL,LYLD,BASG,DFSI,KCCA,NDOW,PSMO,PSCQ,FLEE,TLTD,FTDS,FMAT,CEFA,AVOS,ONEV,BYRE,QQQI,ECH,SDY,RAA,AOR,JHMD,PHEQ,DWM,ELM,FLMX,PSCX,FLJJ,INDZ,QAI,CSIO,HERD,HEGD,IVAL,EUO,OUSM,SLVR,HOMZ,PSFJ,IFV,AMZU,SCZ,SDG,IYR,BALI,TPAY,GEW,AVL,NBET,BAMO,TCHP,GPIX,TWOX,BCGD,FDV,IEO,APPC,GPTY,IXJ,BCEM,PSFF,KIE,KEMQ,IDYN,PXH,CLOU,AMZA,REGL,PDN,ROCY,IALT,FLCG,IEUR,SPEU,FTGS,SDVD,TEXU,FLN,TPIF,AMAA,EMLP,TFNS,EDGX,ODTE,QWLD,GTR,IDOG,PDBC,HEQQ,TSEL,DBC,AVRE,QQQT,ASCI,DVYA,FPWR,NVDX,EFAS,RSPR,SNTH,JGLO,GAL,NTSI,CGIE,ENHI,SEA,TPFG,SAMM,GKAT,BEEX,RKSG,EUDG,IVVB,MOAT,SOYB,DBMF,RISN,TMFS,EWS,IGRO,ASEA,PSCJ,FFUT,HEQT,NEWZ,FKU,ITDB,MFDX,HDG,RTXG,NANR,JFLI,COM,HBMX,KROP,GXDW,IWP,FEDM,SMHC,MDLV,PBPH,DIM,LVHD,TAOZ,BDGS,EFFI,NBCM,FAS,GOLS,JULZ,QGRO,CGGG,MAPP,FOXY,GQRE,SMMV,MCH,ANEW,PSMJ,DWWN,JHDG,MAGA,ITB,BKCG,GMOD,SMLL,GLIX,ICOW,MID,DIVS,FENY,FFF,RWLC,IYE,ABOT,TAJX,SPDF,JEPQ,RSBT,IDVZ,ERET,RIFR,GGME,EAOM,IQDG,QDVO,FICS,INDE,DCMT,RCGE,GUSH,KSPY,TPHD,BINV,ASMF,GDE,MPRO,FDL,AFK,ILOW,USAI,GIAX,FGD,QLV,SDEM,DAT,FLGB,BCIL,QMID,SIXH,ESMV,HFND,MVFD,SCHY,LCTD,EWU,IYG,GQI,HEMI,IFLR,BKGI,MMID,IYF,THNR,FDIS,MVAL,KBWP,SCHC,CMGG,CAS,UFOD,EVX,GAA,RSPA,FDLO,CGDG,SIL,LGCF,ACVT,PCSG,METL,FSGS,GVLU,DIV,DVRE,ECOW,SPCT,SRET,HF,ODDZ,QEFA,ISCF,HSMV,FCEF,FNCL,LCR,TBFC,BAMD,SEIQ,RSPF,CPRO,GMOM,DSTX,OEFA,NLSI,TRTY,DTH,FGM,FIDI,TEXX,NVDB,IYK,QDIV,METV,GRW,JDIV,FXU,IDV,KRBN,ISMF,QHDG,HOLA,FTXN,IAI,DWLD,GLIN,FARX,DURA,DTRE,DLS,FEMG,CPRY,FTLS,IDVY,BKCI,SIVR,FSEV,RNRG,BRAZ,SIXL,FLLA,NBIE,SLV,FEMV,TPRY,HOLD,SPUT,JPIN,BUYB,CANQ,COMT,DVGR,USMF,RLY,TMFE,KYLD,DSTL,IGE,ARGT,DUTY,SHDG,PXE,TRUI,SCLZ,FYEE,SWAN,BIDD,FTAG,RW,FCFY,DRMP,DIVP,AOM,MKAM,FID,COWZ,BREW,UGE,SOVF,QALT,QLTI,DDLS,CMDT,AMDC,PCEF,TWSC,OAKM,BLCN,IPKW,DALI,OUSA,TMFG,INFL,OILK,NUKZ,PAYR,EAGL,DINT,QQQH,PSL,RTAI,AUSF,DRLL,GXPE,OCIO,TRUD,IRTR,SPHD,DIVE,PY,ABLG,FTKI,LOWV,MNSX,SSXU,TMLP,NBOS,SMIN,JGRW,CPRA,FDN,HELO,ROMO,FVD,MSIX,IXC,EFAA,DVXP,EFRA,FLQM,NVDG,FXD,TARK,FRIZ,BILD,BILT,DRUP,KONG,ALLW,FDRX,NMBL,FLSP,ARP,TLCI,AGNG,SSCP,ARKW,AJUL,ICAP,GII,MSFC,TJAN,EDIV,CABZ,DTAN,RSPU,SPYI,CLOD,FDIV,GXPD,AAPR,JIDE,FTWO,MSMR,CGV,DUSG,IGF,UPAR,GNR,BDVL,NVC,FDRS,CSNR,UBR,JXI,EDGH,CPNQ,UYG,DVOL,TOLZ,LENS,AMLP,CPNS,IDRV,LALT,CFIT,FSZ,SAGP,CPSN,TSPY,DOCK,CPSD,GBUG,ATTR,CPSA,SPYH,TSLR,CPST,BMVP,DIVL,CPRJ,CBON,DPRE,AOCT,EWUS,BRZU,JPEM,MLPA,COMB,UUP,PUI,HDEF,DADS,DDX,PSET,FTXG,JAJL,DTEC,CPSO,UEVM,NUMG,CCEF,MDST,EAOK,CCFE,EVMT,SMRF,ISWN,KCE,TMV,LCO,CPSJ,CPSF,CPNM,EIPI,AOK,FMF,GUNR,NVOH,BBAX,FDIQ,IYLD,MRGR,FTGC,BALT,MLPI,BCHP,SPIN,CPSY,BIGY,CPSL,HNDL,FEMS,EWD,KNG,MDIV,LDEM,UCC,NIHI,FAAR,BEEZ,AVRY,CPSR,INKM,DWX,CPSP,FTBI,CVAR,LEMB,ADDS,DDDD,IVEP,TDSB,TURF,NEMD,SGDJ,QFHD,CMCI,FLBR,TOAO,SEMG,LRNX,HEDG,PBP,TAPR,FCOM,MFLX,SPLV,TJUL,DWMF,RPAR,FLAU,MFUL,USMV,EVYM,KHPI,TSYX,RVNU,GAEM,ADIV,BRSM,PCPP,IEUS,HTAX,EASY,HDMV,FLAG,AJAN,FSTA,INCM,EWZ,OAKI,GCC,GMMA,BAIV,LGLV,KMID,SASS,SWP,CPNJ,RTH,DOGG,NFRX,IWMW,GXPS,PCLC,CTIF,IGGY,PTNT,CGW,EWQ,IDEF,DRKY,RMRC,OEI,EUDV,OILT,DIVO,KXI,FDAT,FSCS,FDEV,BSR,PWZ,ISTM,CGHM,MJ,CAPE,LNGX,RSPS,CPSU,TRUC,AQLG,FLAO,CEW,CVSM,PID,PZT,OSEA,DIVZ,PEZ,RMOP,SELV,CPSM,PST,USDU,LMUB,SSS,HEAL,FTCS,QQQY,THYM,TOCT,CDIG,EPP,INTM,LOTI,PZA,EMEM,FMKT,FGSI,THTA,EWA,QVOL,UPW,HIDE,ABEQ,PIO,FUTY,LTAX,HIMU,INEQ,NRES,PCY,FXA,ORBX,FMHI,NYNY,QTAC,PWS,AMEI,BKLG,EMBX,QNDX,EFAD,TBT,EMHY,LSGR,ARB,GEQ,INDQ,DVUT,FTHI,BROL,MOO,GCOW,AVMU,BOXX,MKTN,CMDY,GHTA,BNDD,IDU,MANI,BENJ,APOC,HYD,MLN,HYMB,MMIN,IBUY,RAAY,NUIF,BREM,BSMZ,RCLY,EDEN,MVPA,PBOG,FMNY,TAXF,TOAK,RJMI,BBB,HEFT,MNVR,DRSK,CPHY,BSMY,RMNY,RCLR,RAAR,FCAL,TSLT,KMLM,LOHA,MMMA,RMCA,DUKZ,MHY,OVM,CMBO,FMUN,QLVD,RSPD,EVIM,MFEB,MMAY,FMUB,JEMB,EMB,LOGO,FLMI,NHYM,JHMU,PJUS,MNA,KWIN,IROC,DFAL,IBMV,TPZ,MUNX,FMB,DVYE,PAPI,FLMB,UJB,SCEP,TAFL,HUSV,INMU,RNTY,IBHM,ERTH,QLDY,TAXE,TMNL,GIEQ,MFSM,SRVR,NYF,AIX,ELD,CATF,PSLV,EELV,UTSL,MINN,BSSX,PFXF,MAUG,CMF,TBX,CGMU,GLL,AQWA,DIPR,CSPF,MUNC,TBF,NFRA,REM,BMOP,DFE,CTAP,MUNY,HELS,TEMD,EUIG,IYRI,MUB,POWA,FINY,GGOV,EMFI,HIS,FIW,IDLV,MINO,IOPP,HYZD,FXG,BNDS,EMHC,EZMO,FPAA,IBMU,TOGA,DDV,CWS,KEAT,SIOO,GMNY,DEFR,GOEX,IGBH,GMUB,MFVL,BSMW,ACWV,TAXT,DFGX,TAFM,MUST,BLDX,GEMD,TXXI,DAX,EMBD,FTHB,QQLV,GCAL,MUND,MNBD,SCMB,OAKG,IYC,SHYM,HMOP,AAAD,PDBA,NUMI,GTND,AGRH,CLIX,DFNM,MMIT,ENZL,TAXM,PRXI,CGIB,PMIO,ITM,FORH,JANH,TAXI,MMCA,HTAB,NMB,JPMB,DFCA,RDFI,EUAD,USAF,STYL,JMHI,RWIN,JMSI,FEMB,FSYD,EVPF,UAE,DBA,CPAG,PCL,NAIL,JMUB,BSCA,BLUI,IBMW,CBOX,HYGH,BEMB,TFI,MAMB,QUSA,TMSF,FPEI,MBSF,CRDT,CLOZ,IINC,GBHI,FREI,APRH,MUNI,NICO,HYEM,AMGR,TRUO,BOXA,MUNB,NTRL,SHRY,DEED,MUNA,PSQO,UUPP,CRIB,SDMF,SDIV,FLIA,PBJ,MJUN,MDCR,BSJY,GOVM,PSQA,AVGB,AGZD,TSIC,ONLN,SCNM,MHIP,RSBA,SXQG,LQDH,CIEI,BSMU,LADM,CGSM,UTES,EMSC,CSSD,OCTH,MYMJ,HYHG,BSTV,EWG,CAOS,BSMV,FIXP,IBCB,LEND,MYMI,BSMS,CGHY,AAAC,CLOO,DLUX,TYLD,QTPI,CLOX,IBMX,SIFI,JELM,AAAP,RINF,TPUT,BSTU,FUSI,DGCB,FAAA,APMU,JANJ,METD,FCLO,PBSC,NYM,JFLX,KNRG,MMAR,RCTR,PGHY,BSGT,CRXP,BFLX,FHIL,MYHC,RJVI,PFLD,SGDM,GISC,THMR,ONEH,RCLO,RMHY,SGVA,CCRP,SBAR,LDRI,FUSD,BSTS,ICLO,CGOV,CSHI,SCUB,MMK,CAM,PVI,RMME,MYHD,DUSB,NFLT,GMOC,JOJO,NSCI,TMNS,JCAL,BSGR,BSMT,FCG,MYMK,CBIL,FLTR,EVSM,NXUS,MBND,GCSH,AUSM,SMCP,USFR,PREF,CEF,BAMY,APRJ,BRZX,USLN,AAA,PRIZ,CUST,KAT,SHYD,FSTB,IGCB,STAX,JA,ABLD,FDHY,CXSE,TAXS,LRGG,AMHI,IBMT,CGUI,CIVG,CHYG,IQMM,OCTJ,SBIL,IFLN,TPFC,ASEC,FSMB,TBUX,TUSB,MMKT,BSMR,SJCP,BCLO,SOFR,EMCB,BD,PCLO,NBFC,TLDR,EZRO,STBF,JMMF,FALN,TBLL,BAMU,GSY,PUSH,BGCG,KCAI,IBMQ,JHPI,TRPA,RAAA,BPH,PAAA,EMLC,OPER,QOWZ,JLQD,LQID,HFGM,KHYB,SGVT,IBMS,PRAB,FLDR,ARCM,RNEM,JTNY,BSCQ,TIPA,PFRL,SLWS,SMB,HFSI,MINT,FLOT,FLRN,DFGP,RISR,MMSD,RING,BKMI,CALI,FUMB,SMMU,PQDI,JAAA,ACLO,LMBS,FIMU,KDRN,CVSB,SHRD,SPTU,RXI,ANGL,QQXT,TAFI,GUMI,LSTB,NPFI,SHM,GABF,KCSH,CLOI,IBMR,MEAR,TRSY,EUHY,JMST,TFLO,TBIL,HBRD,IGHG,ICPI,MILK,RBIL,HALX,EVSB,PMMF,GMMF,ENOR,RONB,SGOV,OMAH,NCLO,ESBG,BYLD,LSCP,ABI,BSCR,IBMP,SIHY,BIL,RIZE,SDSI,MYHE,FTSM,BSMQ,LIAM,EFAV,TUSI,CLOA,PULS,JCHI,PCPI,EMNT,FFLS,IBMO,MYMG,PRFD,JHHY,SCIO,IPB,JELH,FLUD,TPFI,USFE,BILS,SUB,SHV,JABS,GTOS,USTB,BSJU,CLOC,SJLD,CSHP,BRIB,UYLD,IBGC,BKMS,FPE,CLOB,LODI,CLIP,CZAR,GBIL,GTOH,IBDR,PINC,MYCF,DFSB,RAVI,TTT,QRMI,MYMH,UCON,TIPD,FLDB,IEDI,BZZ,CEMB,SCUS,AMUN,SDCP,GSST,AHYB,IBTG,MYMF,BILZ,NUSB,SCMC,THYF,TAXX,PCMM,OBIL,JHLN,TIPC,FHYS,AGGS,MYCG,ICSH,BKUI,JPIB,BSJX,MYHB,PRSD,GTOQ,AINP,HRSK,FSEC,EWM,BTOT,BUXX,QHY,LIAU,HBDC,MBSX,FLHY,TIPB,JPST,PHO,DFSD,JBBB,LDRC,IBTR,AGGA,MYHA,BSJV,BCPL,IBIM,CARY,UCRD,NJNK,FFIU,CAAA,CBOO,JHCR,CPII,IBDS,FLRT,IBHK,JULH,BRHY,LQDI,BSJS,LVIG,JPHY,CGMS,SSFI,HYBB,TAGS,CVGD,LFAW,KORP,TABD,PYLD,DYLD,DABS,MUSE,MULT,IBHJ,EMTY,ULST,SPYT,BAB,TFFI,CGSD,DMX,TBLU,GNMA,IAGG,JPLD,LIBD,BSCS,DFCF,NUHY,PCS,EVSD,OBOR,IBGM,BHYB,FTBD,HYSD,IVSX,IBTH,EDGF,MFSB,FLXI,JHMB,HYXF,DANA,GTO,PSDM,LDUR,NHYB,PSH,EVHY,IMTG,GIGL,SPMB,LDSF,DCRE,MTGP,HYDW,BINC,SEIX,SCSB,AVSF,FLTB,AGGY,NBSD,PLTZ,GBND,DSCO,EMIF,MYCH,BNDX,SYFI,CCSB,TCPB,INCO,HYLB,MUSI,AMEM,SBND,COMD,STOT,FTSD,TMB,GTOC,CMBS,OACP,PHYL,USSH,BPAY,LFDR,SPSB,SPSK,SECU,GLTR,BFIX,BUCK,GRNB,EVTR,SMTH,BNDI,HYG,EUSB,PMBS,SLQD,LFBE,MBB,HECA,BSCT,IBHL,QSIG,BLST,LDRH,IVVW,JNK,FCOR,MBBA,JMTG,EVMO,FTRB,DIAL,PFFA,BSJW,TAGG,MGOV,FLGR,UBND,TROT,INVG,JPIE,IBD,BSCZ,OVB,CRUX,UNIY,USDX,JHCP,CGCB,JUCY,CEPI,CBOY,AVIG,JHCB,LDRT,MAGG,UITB,JULJ,LVLN,MEMY,DYNB,DUKH,BNDW,RTRE,NUAG,HYTR,ILS,USFI,BSJT,HCRB,BSJR,BGRN,MBSD,IUSB,ABXB,HTRB,IBHI,KAMO,BRTR,BDBT,OWNS,IBHH,SCHJ,TILC,FCSH,SHAG,BSCY,FIXD,IBDT,AGZ,PFIG,SLNZ,UTWO,SCYB,DYFI,BSCW,FOPC,SPIB,HISF,NEAR,FPFD,SHY,PFF,IIGD,QIG,SUSB,LIAE,JMBS,LQDB,GDX,JIII,GDXJ,OBND,IGSB,BSCU,AGG,OWN,HYGM,APCB,BSCV,PTBD,EVLN,BBLB,FCBD,EAGG,GIND,EEE,GPRF,MYCI,NUSA,USHY,BBBS,FBND,IQHI,GIGB,SDFI,BND,USIG,NVIT,SCHO,SIO,PTRB,BBSB,TFLR,SPTS,JSCP,TRBF,HYFI,GHYB,NBTR,SCCR,SCHZ,SUSC,SKOR,ISTB,AFIX,FIGB,PRIV,FSIG,IBIC,BOND,BNDC,SLDR,PFFD,BSCX,TPLS,SPAB,NCPB,IG,IHY,CGCP,GVI,NUBD,CAFX,BBBI,BBHY,IBTI,MYCL,IBDU,GQGU,SMBS,MYCK,JCPB,OVT,MYCM,IBCA,FLXR,FGDL,JBND,QBUL,SPHY,FXB,FIAX,BHDG,MSTI,PCI,IGIB,HYDB,SYSB,BNDP,GBF,EMTL,BKHY,RWX,BSV,CORP,FLCO,FLXN,IBDZ,MYCN,IMTB,IGEB,GASZ,GCOR,IBDX,DMBS,SPBO,FLCB,PAB,MLDR,KYC,IGLB,IAUM,HFMF,LQD,TISC,IBDV,FTCB,FEIG,MYCJ,BNDY,RIGS,FIIG,SCHI,BLTD,FISR,APLU,UTRE,GLDM,SHYG,SJNK,BKAG,JPFP,HYGV,PIFI,FEPI,LGOV,MIG,BBAG,THOR,BSJQ,HYUP,AAAU,QLTA,TOTR,RUNN,SGOL,BBBL,BKFI,OUNZ,FTSL,CPLB,FDND,IAU,ILTB,SHYL,IBDW,EZA,EBND,GOVT,IBDY,RFCI,IBTJ,BAMB,DFIP,IBHG,AADR,HYLS,JEPI,MHIG,CTWO,BBCB,MIVL,SPLB,AQEC,TSEC,CPLS,GLD,HYS,EYEG,MYCO,HYBI,SCHP,PBTP,BIV,HYBL,ISHG,USX,MBBB,FIXT,JSI,JCPI,GOVI,FTRI,SPCZ,SCEC,PCHI,SPTB,CORB,FLGV,BKLN,BGIA,IBTK,IBID,USIN,IEI,RSSX,SPTI,SHEH,DBND,NUDG,EDOG,BLV,IBTQ,THY,RSIT,LFAO,BCI,NVOX,GHYG,ACOM,SCHR,PFFR,RMIF,HYBX,IBTM,QBER,MTBA,EMDV,STIP,THRV,MILN,BBIB,JOUL,KPHO,UFIV,LMNX,USVN,LKOR,FXED,UTEN,IXP,FXF,PFFV,IBTL,SJB,IEF,IBTP,FLIN,MAGO,BRLN,TIP,LQDM,GXIG,PLGI,SPAQ,IBTO,TOTL,TLH,COAL,AOTS,SRLN,UCOP,OSSL,BOEU,SPTL,AWAY,FDFF,IBGA,STPZ,FPAS,IBIE,PICB,TDTT,IBGB,AGGH,IFGL,NISM,TLTI,TMYY,TIPX,IBIF,IBHF,IGOV,TSLI,MDEV,IBIH,UTWY,SCHQ,IBIL,PCEB,HAUZ,BCDF,SECR,IND,LONZ,DBP,TDTF,BRF,EPI,BGGG,LFAI,RKX,LLDR,STXT,BWZ,FXE,BCD,TLT,IBII,IBGK,IBIK,IBGL,UTHY,IWMY,GTIP,IBND,PHYS,SPIP,IBIG,RMBC,FXC,FLBL,IGV,EUVX,CCOR,TILL,IBIJ,NFTY,LQDW,HYGW,FIYY,CUSD,QCLR,MDPL,CBOL,INDA,TIPZ,SIMX,ACGO,TNUK,BRKU,TLTW,EWH,NDIA,CBOT,UST,UDN,KSA,RDTY,LBAY,GENZ,NORW,PFOE,KWT,RANK,TFJL,AIPI,TMFM,HYTI,CLUB,CONI,FLSA,DGIN,TCAN,PSK,AUMI,HIGH,FCA,ARMY,QAT,FITZ,TEST,INDH,DRNZ,SPCK,LQTI,TCAL,GOVZ,CBOJ,CMAG,UBT,DVXY,MOTG,CCOM,BWX,EPRF,EDV,LTPZ,HDGE,EMXX,OGIG,PCLG,CUT,EPHE,PCFI,LQ,SEF,MOTI,USAX,HULL,SVOL,TYYY,GOAU,CSEN,CBOA,BGEG,URA,KMCA,IPAY,BCFN,IVRS,TUA,USE,IRVH,CDX,CBXO,LTTI,NVPS,CORN,HARD,FXY,TESL,TLTP,LDDR,SATO,PNQI,LMTL,MUSQ,TYD,ORO,CBXY,RACK,BUYZ,AMKL,EBIZ,QPUX,RFIX,BITA,ACKY,REXC,FOTO,RISE,SDP,MGKX,PFIX,RSPC,SNDC,BTCK,GXC,PEX,KCOP,REK,BKF,BIOY,TLTX,KPRO,BITC,KURE,SZK,INDY,BFJL,TMF,GDMN,TEMT,BESO,MUYY,PBDC,CARX,BFOC,SHLD,FBDC,TKNQ,URNM,LTL,BETZ,PLU,CTA,KBDU,KEYX,ISHP,OND,EO,IVOL,RVNL,BULG,BCKT,TECY,STBQ,FINX,ARKF,PYPU,JAPN,IAUI,NLR,URAN,GLCR,LBO,KGLD,SOCL,INDL,BLOX,UGL,GRNI,PLTM,UX,GLX,DUG,EFZ,ESPO,BNGE,AKRE,FLCH,SKF,CBTO,KOLD,DVXC,PSP,PCR,CBXL,DOG,PAWZ,BFJA,AAUM,URNJ,PALL,ODDS,CBTY,BLCK,MCHI,SOFA,USG,POEL,SH,GPZ,NVII,BZQ,BCOR,KDEF,IMVP,DVDN,IHI,TMH,NERD,HYPG,BITS,HERO,AUAU,MYY,CRUC,KBUF,IGLD,FXI,CBXJ,ECNS,RAM,NYYY,CAMC,NVDD,UMCX,DUST,LIFT,SRS,NUKX,FAZ,UPSX,KGRN,NUGT,KSLV,CBTL,SARK,NGHT,MIC,UNX,GDT,EMQQ,CBXA,FDNI,PGJ,CHNL,OWNB,SMN,MCHU,AMYY,JNUG,SBB,GOLY,ASTX,CGRO,CCPX,PSQ,EPV,FBL,RXD,TKNS,LFGY,AETH,MINY,BPRO,UMAL,METU,GLDB,SUIS,CXRN,CRY,AZYY,JDST,DXD,SEMY,CBTA,EUM,CBTJ,QQDN,ETHB,AGQ,UGLD,CHIQ,SDS,TSII,KWEB,CWY,DRV,BTRN,HBTC,KRYP,ISSB,MAGC,SCO,SOLC,URAA,OBTC,MSFL,GAVA,NVDS,CBRX,RGTU,DUOG,SAPH,BAVA,DRAL,ADBU,HODL,IREX,IBIT,FBTC,ARKB,BITB,DEFI,BTCO,EZBC,BTC,BTCW,BRRR,MSFU,MPL,MSFX,SIJ,UBRL,EWV,GBTC,KRWX,CPNX,NXPX,BITW,AMZO,GDLC,MSBT,SDOW,DKNX,QCMD,LITZ,RGTX,SPXS,ISUL,BPI,IRE,SPXU,SMZ,CBRZ,TSLQ,BTCI,CWVX,BETH,ASUP,SPCM,ETH,LOFF,SPCU,BITY,SPCF,FETH,SPAL,ETHV,QETH,TWM,BTCU,GXRP,LITU,BTGD,CRWG,MPWX,BETE,BOIL,OPEX,NEHI,TSYY,BEC,CWEB,UPAL,EETH,UPLT,MSST,JOBX,BTF,TTXD,ORCX,PLTU,UVXY,SRTY,SQQQ,BAIG,NFLU,EDZ,NFXL,COYY,OKLS,SOLT,MTYY,SLON,TSLS,STSM,EOSU,FIGG,HIBS,BFOR,APLZ,TACK,EYES"
14,Consumer Defensive,44,62,43,50,"LINC,AGCC,SDOT,CHEF,MAMA,COCO,HELE,PSMT,SENEA,UTI,SPB,FC,MNST,UNFI,DAR,EPC,APEI,COKE,ANDE,TBBB,SENEB,LWAY,CENT,PRE,TGT,CENTA,JBSS,PFGC,USFD,JDZG,ADM,FMX,BUD,KDP,LAUR,PRMB,MICC,IMKTA,IPAR,CCEP,OFRM,SJM,NATR,ACU,MO,DLTR,KO,ALCO,KOF,RYM,SYY,BTI,CL,KVUE,BG,CHD,NGVC,PM,CVSA,TR,KHC,KMB,USNA,PXED,HRL,EL,CHSCL,CHSCN,CHSCM,CHSCO,MDLZ,TSN,PG,DG,SFD,TPB,PEP,COST,UL,AFYA,LW,ELF,CHSCP,PRDO,UVV,HSY,STRA,FRPT,CALM,STZ,SFM,DEO,DIT,LRN,CPB,POST,BJ,CLX,FIZZ,MKC,GIS,EDU,TAP,JJSF,SAM,LOPE,KR,INGR,MGPI,DMC,CELH,MZTI,PPC,OLLI,ODD,COE"
15,Utilities,39,55,27,45,"ENLT,FLNC,BEP,EIX,CDZIP,KEN,NWE,ETR,AEP,HTO,IDA,PNW,CTRI,BKH,EVRG,NJR,LNT,D,AWR,RGCO,POR,CNP,MDU,ORA,SWX,CWT,FTS,DTE,AEE,MSEX,NI,EMA,ES,NEE,TLN,ED,OGE,ARTNA,AVA,PCG,UTL,BIP,NWN,CMS,MWH,SRE,NGG,FE,SO,DUK,EXC,ATO,MGEE,BEPC,CWEN,SOMN,TXNM,ELC,PEG,PPL,EDN,HNRG,AWK,CPK,UGI,OGS,PPLC,SR,BIPC,SPH,NRG,CWCO,ELLO,OKLO,FRVO,CEG"
16,Consumer durables,37,26,17,26,HOVNP
17,Technology services,32,0,0,0,"GOOGM,GOOGN"
18,Miscellaneous,29,47,31,32,"TRINZ,GECCG,ECCU,SAY,GAINI,NMFCZ"
19,Finance,28,46,28,30,"OXLCL,NEWTG,FCNCN,MITN,OXLCM,KMPB,OXLCZ,GJT,BANFP,AOMN,CIMN,RWTN,GJS,OXLCG,MFAO,ADAMH,BPOPM,DDT,PMTU,GJP,GJR,TWOD,PYT,ATLCZ,GJO,GOODO,KTH,KTN,BEPI,BMNP"
20,Government,20,46,14,22,"TVC,TVE"
21,Commercial services,1,6,8,5,FISV
