Rank,Industry,Sector,RS,1 M_RS,3M_RS,6M_RS,Ticker
1,Other Precious Metals & Mining,Basic Materials,95,69,93,94,"HL,TFPM,BVN,PPTA,SLSR,MUX,MTA"
2,Silver,Basic Materials,95,50,94,95,"AG,EXK,SVM"
3,Gold,Basic Materials,94,88,91,90,"NEM,AEM,WPM,FNV,GFI,KGC,PAAS,AGI,HMY,EQX,IAG,OR,EGO,NGD,SSRM,ORLA,NG,FSM,ARMN,CGAU,DRD,AAUC,HYMC,IDR,CTGO,USAU"
4,Department Stores,Consumer Cyclical,94,93,94,95,"DDS,M,KSS"
5,Aluminum,Basic Materials,87,47,89,88,"AA,CENX,CSTM,KALU"
6,Uranium,Energy,87,5,86,81,"CCJ,UEC,LEU,UUUU,ISOU,AEC"
7,Real Estate - Diversified,Real Estate,83,94,89,80,"JOE,STRS"
8,Luxury Goods,Consumer Cyclical,83,52,85,75,"TPR,SIG,LUXE,MOV,ELA"
9,Medical Distribution,Healthcare,80,94,90,71,"MCK,CAH,HSIC"
10,Banks - Diversified,Financial Services,80,61,68,77,"JPM,BAC,WFC,HSBC,C,MUFG,TD,BBVA,UBS,SMFG,BCS,ING"
11,Other Industrial Metals & Mining,Basic Materials,80,34,66,83,"BHP,VALE,TECK,MP,TMC,MTRN,SKE,USAR,LAC,IPX,NEXA,CRML,LAR,UAMY,NB,ELVR,USGO"
12,Diagnostics & Research,Healthcare,78,75,81,82,"TMO,DHR,IDXX,A,IQV,MTD,WAT,LH,DGX,ILMN,EXAS,MEDP,GH,ICLR,CRL,WGS,GRAL,VCYT,TWST,NEO,NEOG,CSTL,PSNL,FLGT,MYGN,PRE,IMDX,XGN,FONR,BDSX,PRPO,NDRA"
13,Utilities - Independent Power Producers,Utilities,78,40,65,76,"CEG,VST,TLN,PAM,TAC,KEN"
14,Copper,Basic Materials,77,48,76,81,"FCX,HBM,ERO,IE"
15,Semiconductor Equipment & Materials,Technology,76,43,71,83,"ASML,LRCX,KLAC,TER,ENTG,ONTO,CAMT,FORM,IPGP,ACLS,KLIC,ACMR,DQ,VECO,UCTT,AEHR,ICHR,ASYS,INTT,TRT"
16,Steel,Basic Materials,76,51,72,81,"MT,STLD,TX,SIM,WS,MTUS,ZEUS,MSB,LUD,FRD"
17,Solar,Technology,75,61,72,80,"FSLR,ENPH,CSIQ,JKS,ARRY,TOYO,FTCI,SPRU"
18,Thermal Coal,Energy,74,47,88,65,"BTU,ARLP,HNRG,NC"
19,Utilities - Renewable,Utilities,74,43,71,82,"BEP,BEPC,CWEN,ORA,ENLT,FLNC,XIFR,ELLO,STEM,WAVE"
20,Electronic Components,Technology,73,36,62,76,"GLW,TEL,JBL,FLEX,FN,TTMI,LFUS,OSIS,VICR,KN,BELFB,BELFA,BHE,OUST,CTS,DAKT,LYTS,LPTH,MEI,MPTI,ELTK"
21,Drug Manufacturers - General,Healthcare,71,78,76,70,"LLY,JNJ,ABBV,MRK,GILD,PFE,SNY,GSK,BIIB,GRFS"
22,Discount Stores,Consumer Defensive,69,70,53,56,"WMT,TGT,DG,DLTR,PSMT,TBBB"
23,Biotechnology,Healthcare,69,62,68,71,"NAMSW,ARGX,INSM,ONC,INCY,GMAB,BBIO,MDGL,IONS,ASND,EXEL,JAZZ,TECH,HALO,CYTK,MRUS,PTCT,PCVX,ARWR,KRYS,PTGX,TGTX,CRSP,PRAX,KYMR,CELC,ADMA,NAMS,SRRK,CRNX,ACLX,IMVT,ACAD,LGND,VKTX,ARQT,MIRM,CGON,IRON,TARS,XENE,MLYS,TVTX,ADPT,IDYA,FOLD,VRDN,AAPG,DYN,LQDA,DNLI,TERN,EWTX,BEAM,MENS,SYRE,GPCR,ZBIO,MESO,GLPG,JANX,IMCR,SION,ZYME,DNTH,VERA,MAZE,STOK,SNDX,IMNM,MNKD,PHVS,INVA,UPB,ORKA,TRVI,MBX,TNGX,ARDX,IMTX,ELVN,URGN,NKTR,XNCR,KOD,EYPT,FTRE,CVAC,PHAR,XERS,INBX,TYRA,MNMD,ORIC,PHAT,SVRA,BCAX,GLUE,NBTX,KURA,BBOT,DAWN,TBPH,GHRS,ARVN,VIR,VSTM,VALN,VTYX,LXEO,KALV,CGEM,OMER,CRVS,FULC,MGTX,FDMT,MNPR,ASMB,JBIO,PRTA,KROS,ENGN,DSGN,LYEL,IMRX,DMAC,DBVT,DRUG,PEPG,XOMA,SLDB,ENTA,TRDA,GALT,NGNE,EPRX,KYTX,CTNM,SLN,TARA,FENC,ARMP,FBRX,MDWD,CRBP,GNLX,ELTX,MCRB,SRZN,MRSN,EXOZ,UNCY,KLRS,SPRB,SLGL,VTVT,CSBR,CRVO,PTHS,TENX,INKT,KZR,EVAX,FBIOP,PASG,GLTO,KZIA,SNSE,XOMAP,VRTX,XOMAO,SMMT,ABVX,MRNA,CAI,LEGN,TLX,SLNO,ZLAB,VCEL,HRMY,SRPT,AGIO,WVE,BHVN,MDXG,MLTX,LENZ,SPRY,GYRE,CRMD,YDES,EVMN,MPLT,NAGE,DNA,BCYC,ZVRA,LBRX,PRTC,TECX,CYBN,CBIO,ETHZ,AARD,ARCT,TNXP,PHGE,VOR,ACTU,ACOG,GLSI,KPTI,IMA,TIL,KRRO,CVM,VRCA,GBIO,FGEN,HIND,CVKD,ABP,BCTX,DWTX,ADXN,ELAB,ENVB"
24,Metal Fabrication,Industrials,66,66,58,54,"CRS,ATI,MLI,ESAB,WOR,PRLB,IIIN,MEC,TG,GIFI"
25,Coking Coal,Basic Materials,66,33,28,72,"HCC,METCB,METC,SXC"
26,Oil & Gas Refining & Marketing,Energy,66,56,67,64,"MPC,VLO,PSX,SUN,DINO,IEP,PBF,CVI,DKL,PARR,DK,WKC,CAPL"
27,Oil & Gas Drilling,Energy,66,70,76,77,"NE,HP,PTEN,PDS,NBR"
28,Utilities - Regulated Gas,Utilities,65,76,71,56,"NI,UGI,SWX,SR,NJR,MDU,CTRI,SPH"
29,Consumer Electronics,Technology,65,52,45,71,"AAPL,SONY,SONO,ZEPP,TBCH,FOXX"
30,Airports & Air Services,Industrials,65,56,38,54,"JOBY,PAC,ASR,OMAB,CAAP,ASLE"
31,Electrical Equipment & Parts,Industrials,65,31,55,61,"VRT,HUBB,BE,AEIS,ENS,EOSE,HAYW,ATKR,ENVX,ENR,KE,ADSE,LTBR,EAF,FCEL,TGEN,ESP,ULBI,STI"
32,Marine Shipping,Industrials,64,78,66,74,"KEX,MATX,HAFN,ZIM,BWLP,DAC,NMM,ECO,GSL,CCEC,GNK,ASC,PANL,ESEA,HSHP,GASS,SMHI,HTCO,EDRY,EHLD"
33,Engineering & Construction,Industrials,62,42,50,60,"FER,FIX,EME,MTZ,J,ACM,STN,STRL,DY,TTEK,IESC,PRIM,FLR,KBR,ACA,LGN,GVA,ECG,EXPO,TPC,MYRG,WLDN,GLDD,BWMN,ORN,MTRX,BBCP,PHOE,ESOA,VATE"
34,Conglomerates,Industrials,61,56,68,62,"STRRP,HON,MMM,VMI,OTTR,BBU,TTI,DLX,MATW,CRESY,FBYD,TRC,STRR"
35,Aerospace & Defense,Industrials,60,26,49,59,"GE,LMT,GD,HWM,TDG,LHX,HEI,ESLT,CW,WWD,BWXT,TXT,KTOS,HII,EMBJ,DRS,KRMN,CAE,LOAR,BETA,HXL,ACHR,VSEC,MRCY,SPR,FLY,VVX,DCO,VOYG,LUNR,EH,TATT,BYRN,SWBI,DPRO,ISSC,VWAV,OPXS,MOB,SIF"
36,Utilities - Diversified,Utilities,60,51,76,59,"SRE,AES,UTL"
37,Lodging,Consumer Cyclical,59,64,56,59,"MAR,HLT,IHG,H,HTHT,WH,ATAT,CHH,CVEO,INTG"
38,Insurance - Property & Casualty,Financial Services,59,72,64,48,"TRV,AFG,SIGIP,PGR,CB,HIG,WRB,MKL,L,ORI,KNSL,THG,LMND,MCY,WTM,SIGI,HGTY,KMPR,HCI,STC,SLDE,SKWD,HMN,TRUP,PRA,UFCS,UVE,HRTG,ASIC,HIPO,DGICA,DGICB,ACIC,GBLI,KINS"
39,Real Estate Services,Real Estate,59,52,44,60,"CBRE,CSGP,BEKE,JLL,OPEN,FSV,NMRK,CWK,IHS,EXPI,HBNB,HOUS,KW,IRS,MMI,FRPH,TCI,MLP,ARL,NEN,LHAI,CHCI,STHO,ASPS"
40,REIT - Hotel & Motel,Real Estate,59,78,70,61,"HST,DRH,XHR,PEB,INN,SOHOO,SOHOB,SOHON"
41,Apparel Manufacturing,Consumer Cyclical,59,52,55,56,"LEVI,GIL,VFC,KTB,ZGN,HBI,FIGS,GOOS,GIII,OXM,LAKE,JL"
42,Pollution & Treatment Controls,Industrials,58,40,44,66,"VLTO,ZWS,FSS,CECO,PCT,ERII,ADUR"
43,Auto Manufacturers,Consumer Cyclical,58,23,50,48,"TSLA,TM,GM,F,HMC,STLA,XPEV,LI,NIO,ZK,LCID,CYD,SSM"
44,Utilities - Regulated Electric,Utilities,57,56,63,46,"NEE,NGG,AEP,XEL,VIASP,SOMN,SO,DUK,D,EXC,ETR,PEG,WEC,ED,PCG,AEE,DTE,FE,FTS,ES,KEP,EIX,EVRG,LNT,EMA,ELP,ELPC,IDA,TXNM,MGEE,CEPU,HE,EDN,GNE,IMSR"
45,Semiconductors,Technology,57,30,53,62,"TSM,MU,INTC,ARM,ADI,MRVL,MPWR,MCHPP,TXN,ASX,MCHP,CRDO,STM,ON,GFS,UMC,MTSI,TSEM,SWKS,LSCC,SITM,CRUS,SMTC,PI,SLAB,SIMO,SYNA,DIOD,VSH,LASR,MXL,HIMX,IMOS,SKYT,CEVA,WOLF,GSIT,MRAM,WKEY,SQNS"
46,Medical Devices,Healthcare,57,67,60,56,"ABT,BSX,SYK,MDT,EW,PHG,STE,DXCM,ZBH,SNN,GMED,PEN,BIO,MASI,IRTC,GKOS,TMDX,INSP,HAE,LIVN,ATEC,ITGR,ESTA,PRCT,UFPT,ENOV,TNDM,BBNX,IRMD,SSII,IART,INMD,SIBN,CTKB,CBLL,TCMD,BVS,KIDS,VREX,OWLT,DCTH,BWAY,SMLR,TLSI,SNWV,VMD,CVRX,CV,MASS,ELMD,PROF,INGN,LNSR,MOVE"
47,Communication Equipment,Technology,57,27,47,67,"CSCO,MSI,UI,ERIC,HPE,LITE,ASTS,ZBRA,BDC,VSAT,VIAV,ONDS,EXTR,DGII,AAOI,TSAT,HLIT,GILT,ADTN,FEIM,INSG,SILC,SONM"
48,Medical Care Facilities,Healthcare,56,58,58,48,"HCA,THC,UHS,FMS,EHC,ENSG,DVA,CHE,OPCH,PACS,LFST,ADUS,MD,NHC,GRDN,ACHC,HCSG,ARDT,ASTH,USPH,INNV,SNDA,EHAB,CCRN,JYNT"
49,Internet Retail,Consumer Cyclical,56,46,46,51,"PDD,MELI,DASH,JD,EBAY,W,CHWY,CART,VIPS,GLBE,ETSY,NEGG,JMIA,TDUP,LQDT,DIBS,IPW"
50,Real Estate - Development,Real Estate,56,59,54,61,"HHH,VTMX,CCS,FOR,FPH,SKYH,OZ,JFB"
51,REIT - Healthcare Facilities,Real Estate,56,82,59,60,"WELL,VTR,CTRE,NHPAP,NHPBP,DOC,HR,NHI,MPW,LTC,SILA,GMRE,STRW,UHT,CHCT"
52,Apparel Retail,Consumer Cyclical,55,57,60,51,"TJX,LULU,BURL,GAP,URBN,AEO,VSCO,CRI,GES,LE,ZUMZ,CAL,GCO,CTRN,JILL,DBGI,LVLU"
53,Auto Parts,Consumer Cyclical,55,45,38,62,"ORLY,GPC,MGA,BWA,MBLY,MOD,LKQ,LEA,GNTX,DORM,ATMU,GTX,HSAI,AAP,DAN,VC,GT,PHIN,ADNT,XPEL,THRM,SLDP,SMP,FOXF,MNRO,MLR,STRT,MPAA,SRI"
54,Computer Hardware,Technology,55,29,50,55,"DELL,STX,WDC,SNDK,PSTG,HPQ,SMCI,IONQ,LOGI,SSYS,CRSR,UMAC,VELO"
55,Tobacco,Consumer Defensive,54,69,29,50,"BTI,MO,TPB,UVV"
56,Oil & Gas Equipment & Services,Energy,54,52,59,60,"SLB,HAL,TS,FTI,WFRD,LB,AROC,VAL,KGS,USAC,WHD,LBRT,TDW,EFXT,XPRO,INVX,FLOC,NEXT,NESR,AESI,WTTR,VTOL,HLX,WBI,FTK,NGS,FET,GEOS,NCSM,LSE"
57,Oil & Gas Integrated,Energy,54,66,55,54,"XOM,CVX,TTE,PBR,EQNR,E,SU,IMO,CVE,EC,YPF,NFG,TGS,DEC"
58,Financial Conglomerates,Financial Services,53,45,25,61,"IX,FRHC,VOYA,HTH,TREE"
59,Electronic Gaming & Multimedia,Communication Services,52,37,45,50,"EA,TTWO,SOHU,DDI,GRVY,GDEV,SKLZ"
60,Insurance - Reinsurance,Financial Services,52,90,57,39,"EG,HG,SPNT,GLRE"
61,Specialty Industrial Machinery,Industrials,52,52,46,57,"GEV,ETN,PH,EMR,ITW,SYM,OTIS,XYL,IR,DOV,ITT,GGG,NDSN,IEX,DCI,CR,WTS,FLS,GTLS,GNRC,JBTM,MIR,MIDD,GTES,SMR,CSW,FELE,MWA,KAI,CXT,SXI,HI,EPAC,HLIO,TNC,PSIX,GRC,THR,BW,GHM,KRNT,LXFR,HUHU,TWIN,TAYD,HURC"
62,Mortgage Finance,Financial Services,51,49,46,55,"UWMC,PFSI,WD,GHLD,VEL,BETR,ONIT,SNFCA,GHI,IOR"
63,ETF,ETF,51,46,52,50,"WEAT,MUU,MULL,MSDD,GDXU,GGLL,HOOX,GOOX,RGTX,HOOG,RGTU,AMUU,JNUG,KORU,NUGT,CRCD,AVL,LABU,QBTX,AVGX,LMNX,BWET,CORD,LRCU,APPX,AVGG,ROBN,AGQ,MSTZ,PTIR,SOFX,VRTL,AMDG,WGMI,SHNY,LAYS,SMST,AMDL,ELIL,GDMN,APLX,INTW,LLYX,RKLX,SLVP,RDTL,GOEX,PLTU,BBC,AUMI,MDBX,SGDJ,SILJ,UGL,SNOU,ISUL,SLVR,RING,GDXJ,LITP,BABX,AVGU,AGMI,GDX,GBUG,SGDM,TSMG,TSMX,SIL,TSMU,HYDR,BIB,PILL,MEXX,ASMG,ILIT,COPJ,ION,LIMI,GOOW,REMX,SIVR,SLV,SETM,GOAU,CIFU,SBIO,CTEX,PSLV,SOXL,LFSC,USD,GOOP,BULZ,URAA,DMAT,PBW,CNRG,CTEC,STCE,LIT,DFEN,EWY,RGTZ,EDC,FLKR,AAPB,COPA,PLTM,COPX,PPLT,CEF,BKCH,MNRS,CANC,XBI,CURE,DECO,QQUP,GLTR,DAMD,YGLD,AIBU,EMEQ,PALL,BRZU,UBR,KBAB,XME,QQQU,GMET,TEKX,AAPU,DOGD,BDRY,PLTG,AAPX,CHPS,BATT,IAUM,GLDM,TARK,SGOL,IAU,OUNZ,AAAU,FGDL,PTH,GLD,DBP,GDE,AIS,TSLI,PHYS,ASMH,MAGX,ICOP,HELX,URA,RTXG,SHOC,COPP,ARKG,EPU,OZEM,CNXT,KDEF,FTXL,FRNW,MKOR,ZSB,SPRX,FNGG,TECL,TAN,IONX,CHAT,KCAI,LENS,SMH,HIBL,ARKQ,SPPP,VNAM,TQQQ,IBB,GREK,IBBQ,EZA,QUP,ICLN,SOXQ,CRWL,EET,AFK,LOUP,FNGU,UPGR,EMDM,PSI,PSIL,BESF,QCLN,GNOM,BBP,NODE,GSKH,COLO,QTUM,HECO,DVXV,KARS,NLR,IBLC,TEKY,DARP,VNM,IBRN,FBT,EWP,FTHF,RXL,NUKZ,PINK,TSL,MEDI,MGNR,SIXG,SOXX,USG,PRXG,TEC,VCLN,KEMQ,ROM,AZNH,TBXU,HTEC,IHE,PBE,PBD,ECH,FRDU,XTL,EURL,GOLY,CRAK,FRDM,AFOS,AIVC,IBAT,ARKK,PJP,IDNA,URNJ,ALAI,ATFV,AIFD,ARKX,ROKT,MQQQ,SMHX,FCA,WDNA,WTAI,QLD,XSD,URNM,RVNL,QQQP,MEDX,EWO,QQQS,SHLD,FAI,SPXL,GSIB,UFO,BBH,UPRO,AIA,BMNZ,HSBH,CTEF,CCNR,BMED,FTXH,HRTS,QBIG,YINN,PSCT,CHAU,CSEX,IONL,TMED,URAN,OPPJ,XPH,FDIG,NVTX,EPOL,IQM,ILF,XNTK,EIS,GVAL,MAGS,DRAI,BITQ,CARZ,BRF,SFYF,CNEQ,ELFY,FDT,TSLR,FLN,XAR,FMTM,HEWJ,NVDG,EVLU,DXJ,RSSX,JIVE,EZJ,EWW,IVES,AVDV,ACES,FDTS,PEPS,BRAZ,CSCL,FFEM,IGM,ZIPP,PICK,BAI,FLJH,FLMX,CMGG,EWZ,UXAP,IWFL,SMOG,BNKU,GOOY,SLX,JADE,EMIF,BLCR,KEUA,FWD,DRIV,TCAI,FGM,PATN,AIQ,THNQ,FLLA,JEMA,EUAD,FNGS,RAYC,IMOM,GEME,LLII,IOO,RNRG,TSLL,XPP,KSTR,DBJP,EMCS,SPYU,ARTY,SEMI,TRFK,IGPT,NIKL,GXPC,KNCT,PEMX,BOTT,HVAC,UTSL,IWC,KGLD,FEUZ,JPY,KEMX,AIRR,EWI,ILDR,SPUU,LSVD,MISL,IGLD,TINY,EFNL,CVRT,VOLT,DAPP,TSLT,ITA,FEOE,GAMR,SPYQ,ARKW,CLIX,IYW,KBA,FMED,SSO,RNWZ,FLAX,FYC,TDI,ORR,FLBR,EUFN,RND,ESGE,ECON,HEEM,ONLN,DSTX,GCAD,EMXC,PWER,DBEM,AGIX,IDV,RSST,EEMA,NTSE,ISRA,PIEQ,EWH,FJP,AGEM,SLVO,GURU,VERS,DISV,FEGE,METV,DRGN,PPH,BUZZ,SNTH,QQWZ,SPTE,UNHG,FPA,SIMS,AVEM,AVUQ,JDVI,PPEM,IXP,ASIA,GEM,MEMX,IVLU,FEP,BLOK,EFO,XCEM,EEM,NBCE,IXN,TOPT,NVDL,NSI,HFGM,SLJY,EQLT,DVQQ,VIDI,CHPY,FDD,LDRX,SPHB,VHT,FHLC,PWRD,FLTW,STXE,FAN,LTL,IZRL,ENDW,ICOW,ASHS,TNA,THMZ,CXSE,SPUS,AAXJ,ONEQ,PIE,QQH,GMOI,YCS,XAIX,XLK,DFIV,SEEM,GSEE,FNDF,VLUE,URTY,FTEC,GROZ,SGRT,QTOP,SBIT,RAYJ,MPLY,QGRW,TTEQ,FDG,IDRV,MCH,NITE,CGNG,HLAL,TMET,AVSE,IEMG,MGK,VGT,FPX,WRND,AVXC,AVNV,EWC,GPT,FITE,XHS,EGUS,IVW,SPYG,VOX,DEHP,REMG,LRND,FTWO,ROAM,SAMT,XT,VOOG,TCHI,NATO,XLG,GDOC,GLBL,FEMR,QPX,NBJP,EKG,FCOM,XSOE,MOOD,WSML,QQMG,SDEM,MINV,AVIV,IYH,EDGH,FIVA,AGNG,DFAE,CLSE,PXF,ZAP,KRBN,NUEM,MADE,SOXY,TOPC,FGD,XLV,EWK,EEMX,FLCH,WCME,EMGF,QLC,DFEV,PEXL,BWEB,AVNM,IWY,IUSG,ETEC,THNR,EMM,FELG,CQQQ,QFLR,ISVL,THIR,ORCS,GARP,UIVM,JHEM,GRNY,QQQ,QQQM,PKB,BINV,QLTY,JHID,PPA,ECNS,NXTE,INEQ,CSD,PPI,QQHG,LGH,IDOG,EMCR,AVDS,ECOW,JDOC,FNDE,FTCE,JCHI,CGIC,EWZS,DRUP,VSLU,FLCA,MCHI,AOTG,GDMA,VUG,EFV,EWJV,ASHR,IWF,VONG,GXC,BBEM,MEM,FBCG,WTRE,OEF,XLSR,PXH,BKEM,HAP,TMFC,BULD,TRFM,TGLR,LDEM,HBTA,ZSC,BPH,EWN,SCHG,SEIE,DFEM,WLTG,SFY,WISE,DIEM,NUG,SCHE,SEIV,EMSF,MMSC,AGRW,UWM,SOCL,RSSB,QXQ,GRID,SCHC,HFGO,WAR,TMAT,BBCA,OPTZ,DVLU,TEMX,IPKW,VPL,DXIV,UPW,FFLG,IQDY,TUG,TSLG,DTH,EWT,NUGO,LCAP,UDOW,INTL,RFEM,IBOT,CORO,AHLT,TLTD,NANR,EOCT,CGDV,AVDE,BKGI,FNDC,DGRE,MVPL,CAS,DVYA,BBJP,DFAX,UPV,QINT,IETC,PDN,DVXK,EVMT,CSNR,NXTG,BAMG,CPER,SNPG,INFO,LCLG,RAYE,GSJY,LCOW,DTCR,KURE,NACP,FLJP,GENW,BRIF,BBLU,IXJ,AGIQ,IPOS,IVAL,DFIC,SPXN,TDIV,FLEU,EMXF,XUSP,IDVO,BGLD,MAVF,GWX,RAAX,KBDU,IDMO,GVIP,EIRL,TLTE,HAWX,EFFI,MOTO,IWML,FYLD,PWB,BITI,LRNZ,GQQQ,CNYA,NVDU,APIE,DFIS,MGC,FESM,SCJ,PRXV,XES,RGEF,IDX,BCHI,TGRT,OPPE,DVSP,DEXC,EWJ,SCHF,DFJ,FINT,MSMR,FXI,MODL,DFSE,VYMI,MSTQ,CPXR,GMF,EZU,VWO,ALLW,AVES,EPEM,PGRO,TEK,PXJ,KOMP,ADVE,ACWX,PTF,STXG,MAKX,IWL,SOLR,DGT,TCHP,XIDV,SNPE,EFIV,FDMO,SPEM,CEGX,JUSA,IXUS,BNGE,JXI,ALTL,SPWO,FENI,GEND,GGUS,TPIF,OIH,FCVT,AVSD,VEU,INTF,CSM,QTJA,AVGW,FCUS,UTES,VXUS,LGRO,HECA,QQQJ,HSCZ,RSPT,VEA,GINN,BRNY,EFAS,CGGE,QTJL,DBAW,SPDW,IDEQ,FDEM,TGRW,DWLD,DYNF,JPAN,JPXN,NANC,ITAN,CDEI,DINT,PRVS,SCHY,PIZ,BLGR,NTSX,TOV,SUSL,FDRR,DFAI,LVHI,FXH,LEGR,ROBO,DEMZ,JTEK,SPMO,PJFG,OBOR,TAX,ILCV,DBB,BFRE,GK,RECS,PEVC,SPUC,DUBS,FEZ,ACGR,CNAV,GTEK,ARVR,USSG,NBCR,UXOC,DIM,GLOF,ABIG,HCMT,QTEC,CVIE,ITDJ,IAUI,XPND,QTR,JPIN,IYZ,RFDI,CGGR,APUE,HEQQ,RUSC,FID,ACWI,COPY,ITDH,ITDG,FIDI,ITDI,HAIL,DIVI,UEVM,QDEC,SPYX,FFTY,EMMF,UXJA,RODM,PVAL,VWID,IQDF,UPAR,EMOP,TCAF,GSUS,OALC,DDM,SPXE,ADIV,XVV,PPIE,HFEQ,DBMF,METL,BEGS,UMMA,HFXI,HQGO,VV,MFDX,GSPY,FGSM,SPGM,STRV,CCSO,LULG,BKLC,DFSI,FLQL,IMTM,DOL,PIT,LEXI,HGER,PVEX,FXU,SECT,RGLO,MFEM,QMNV,JGRO,VT,USPX,WUGI,ITDF,FLCG,SPYM,VOO,SCZ,IVV,TSPA,VOTE,CBSE,CWI,VSGX,DSI,BBUS,TOUS,EDGI,FFOG,FOWF,INRO,DFUS,QCML,RHRX,USMC,IFV,ESPO,NVDX,CRBN,SAMM,TDEC,ESGV,EWS,URTH,IDVZ,FSCC,GLOW,PBUS,ZECP,QBTZ,VTWG,EPS,DDWM,EYLD,ARP,IDEV,GLRY,ILCB,TMH,DSPY,VSS,ESGU,FVAL,ADPV,ISCF,SPXV,HGRO,FELC,GGRW,CVLC,XDQQ,ICVT,TOK,GXUS,IWO,LCDS,QSIX,JUST,JIRE,BKF,FEM,IPAV,FPAG,CPAI,FDCF,GAST,OAIM,EMES,SCHX,VTI,UDIV,DWM,USNZ,HDUS,CGXU,FEAC,NTSI,LCTU,IYY,RSBT,HWAY,IEV,WINN,IWB,TXUE,PRAE,AADR,CTWO,EJUL,EWU,VONE,CGUS,FDLS,DMCY,RSPH,PJFV,KBWB,SCHK,VTHR,PLDR,ITOT,SPTM,MSTB,AIVI,IWV,OAEM,NBGX,FLEE,SCHB,STXI,XCNY,XLC,OVF,BKIE,JHMD,DFAU,AIPO,BKCG,SUSA,TSPX,XRP,RVRB,CATH,IWLG,QRFT,BBEU,FLSP,ITDE,SEIM,LCF,IDEF,RSEE,INFR,KOOL,CGGO,OVL,FLGB,NUDM,BOED,KEAT,IEFA,ILCG,WLDR,AVLC,IEUR,CWEB,SSXU,OVLH,DLS,PTL,IDEC,YNOT,AQLT,PQJL,DDLS,TSEP,VGK,PQJA,AESR,IPAC,QQJG,LST,EBI,PAVE,QVML,IUS,TILT,EFA,QLVE,LQAI,LRGC,BBIN,RSHO,FOCT,DFAW,RFFC,GCOW,DIHP,NJUL,FFND,BLUC,FMET,CIL,AVGE,FYX,HOLD,GFLW,LITL,AVSU,STOX,QTAP,SPBU,BITS,TSXU,CGDG,HEFA,CGIE,DFNL,MAPP,FDM,DNOV,EGLE,FNOV,FLCE,KBUF,GSIE,IWM,SPD,IMFL,FOXY,SPEU,HDEF,VTWO,AGQI,CRTC,KWEB,MVAL,NWLG,GSID,LOPP,QDEF,NDEC,QDF,GUSA,RFEU,GSEU,XNAV,FFLC,RSSL,DFSU,HERO,EDGE,DTAN,SSUS,AOA,DECP,KLMT,ESGG,PABU,NVBU,PTEU,BDEC,RWL,DECT,MCHS,AVGV,ITDD,EWQ,VEGN,LCTD,SAWG,EAOA,THRO,TECB,AVUS,RSMV,SFTY,BWTG,CEFA,MFSI,EAFG,PRF,NZAC,SEPT,KNOV,EWL,XCOR,FDEV,NBDS,EGGQ,FFSM,GNOV,HEAT,EEMS,GUNR,QHDG,DEEF,KOKU,DVYE,KLMN,ESGD,KWT,IQSU,EFFE,JXX,HEGD,IEZ,KSPY,RJMG,BSEP,QTOC,WWJD,HAPI,FEUS,SMDX,BAUG,FAD,BOCT,ALRG,ACLC,FQAL,BJAN,SPBC,SDG,JMOM,FBUF,ARKF,ERTH,DWX,FDEC,RFLR,SNPV,DCOR,FFGX,NJUN,FTRI,VFMO,LSGR,UDEC,DUSA,NSCR,NAUG,XTJA,AUGT,EPMB,BKSE,JANT,RPAR,RFDA,ASEA,QMMY,AAVM,BDIV,USCI,VSMV,GSLC,RAFE,GINX,MSLC,SCO,BEEX,JHML,GMOM,SWP,JPEM,MARU,FLSW,FNDX,SFLR,XTAP,AUGP,KMAR,NJAN,FLCC,SMRI,CGV,WDIV,MFSG,SPYH,PBQQ,EPSV,BGDV,MOAT,FRTY,TMAR,DFAC,SCDS,PYZ,THEQ,GII,XC,OCTU,AUGU,PDEC,NSEP,NZUS,FORH,BFEB,LRGF,MMTM,BUFQ,MMLG,FJUL,ISCG,GNR,ROBT,PABD,OCTT,AEMS,ASGM,ITDC,SEPP,IGF,IWN,PTNQ,NDAA,CWB,SPVM,BELT,ULE,IDHQ,QSPT,FFOX,BMAR,DVUT,FKU,ZHDG,DBEF,JULU,BJUL,VEGA,SPYC,SEPU,ROE,MRGR,FNDB,HEZU,NRES,SPYA,NOVP,SNAV,LEMB,XDSQ,FNY,BBSC,QARP,FEBT,FJAN,JANU,FUTY,QULL,JPEF,VPU,FPXI,USCL,SGLC,TWOX,VTWV,MART,BIBL,DAX,SMIZ,TURF,FHEQ,LGDX,FAUG,EDGU,USCA,XOMX,ISMF,DWMF,XTJL,JULT,SROI,IWFG,FPWR,DWAS,GXPT,QJUN,YOKE,GLDI,JANP,RHTX,BNOV,YSEP,HERD,INVN,SCHA,VIG,RAYD,RZV,JULZ,LFEQ,KOID,OTGL,FTXR,DOCT,VNSE,BGRO,PQOC,EWM,EWD,JULP,NFEB,RIOX,FFEB,GOP,RINT,FBOT,KPRO,XLU,NERD,PSFD,JNEU,AFLG,WTIP,APRZ,FMKT,OCTZ,CERY,GBXC,RILA,PSCH,NMAR,PBDE,IWDL,VFMF,EDOG,QMAG,IQSI,KRMA,ARLU,JVAL,GDIV,ASLV,SZK,INOV,IVVM,IDUB,VNQI,MAYZ,PRFZ,JANZ,SWAN,QDPL,FEBP,KGRN,TDVI,SIXP,NVBT,RAA,OCTP,MAYU,DJUL,ELM,SIXJ,KQQQ,FEBU,QVOY,IOCT,GOCT,COMB,DIVD,TRUT,AVEE,IJAN,QQQG,QCJL,EMPB,PQAP,PSMJ,NULV,KFEB,MRCP,LEAD,AAPY,SDIV,PSC,AUGZ,DECW,SPXT,CARK,AOR,QDVO,BUFB,RDVY,JUNZ,RSPU,BUFR,UPSD,DDEC,MRSK,IFED,GFGF,STXD,LOWV,EAOR,IJUL,CGCV,SIXF,PSFO,ESN,AAUS,FSEP,BUFG,MSSM,FCPI,QMFE,FEBZ,XLVI,HIDV,IAI,KOCT,AKAF,HKND,BCI,EAGL,QGRD,NOCT,ESG,EUDG,JHAI,MOTG,PJUL,RLY,FTGC,SFGV,MARZ,AVMA,TDSB,EXI,BINT,QQXL,ITDB,BUFP,COAL,TTXD,PFM,EDOW,SEPZ,FDLO,DGRO,QEFA,BSMC,HEDJ,KJAN,CANQ,DECZ,JIG,BKDV,EFAV,XMVM,PID,PSFJ,EASG,KLXY,DJD,CMDY,ILOW,NOVZ,GJUL,KMAY,NDOW,ONOF,SHDG,GDEC,PAUG,BCD,SDCI,ISWN,VFLO,UAUG,PWS,PSCI,DFVX,VLU,SOYB,UJUL,IQLT,BJUN,IWX,MOTI,XTOC,WCMI,FTLS,MBSX,BSTP,DRKY,NBCM,BAMA,ADME,XDIV,SAGP,USEP,FBCV,QGRO,DXUV,DIA,EFAX,SATO,BLCV,IGRO,PWV,DBEZ,FMAY,BUFM,LALT,OND,TYA,AAAA,JUNT,CAML,CSTK,ETHO,PNQI,NULC,FLJJ,RCGE,DJAN,TESL,QBUF,QUAL,BSVO,RBUF,AFSC,RWX,EJAN,NMAY,EQWL,LPRE,EMC,BUL,IMAR,XMAG,IXG,TYD,PSEP,PSCJ,PHEQ,FDVV,TJUN,DAUG,XNOV,CGBL,UJAN,EVNT,USXF,EAPR,TRIO,RPV,GLOV,PSCX,ISCB,JUNP,SHEH,DECU,RPHS,PRCS,PJAN,USNG,ULVM,VYM,OSEA,IFGL,PCCE,REVS,FXL,BILD,FDTX,IJUN,ESML,FDIF,PSCQ,RCTR,SMLF,MTUL,BUFY,LNGX,BGIG,SFEB,IMAY,YMAR,RTH,AVSC,XBJA,FDNI,DFEB,JSML,XBAP,ROUS,IDLV,IQQQ,FEDM,TRTY,PFEB,HTUS,GEOA,TIER,XMMO,TYLG,PBJL,UFEB,QCJA,AMOM,CGGG,QVAL,FFLV,GJAN,FDRV,DVXC,DIVO,GAUG,PBAU,QPUX,EALT,QCOC,GPIQ,IDU,FUTG,AVLV,BUFZ,MTUM,PCY,TDVG,PSMD,PSMO,QCLR,IGE,INDE,PMAR,EMOT,HAUZ,SMMD,IFEB,RXI,BUFF,NUMV,GFEB,JAVA,BIGY,GAL,SUPP,ISEP,DLN,BUFD,IEUS,IFLO,OAKM,UXI,PBNV,BUFI,DEW,JOYT,TBFG,DHDG,QMAR,BUYO,FHDG,BU,GAA,JULW,INDH,SFLO,CPRO,POCT,SPXM,XBJL,EEMO,UMAR,VAMO,IDGT,FJUN,USRD,CGMM,BLES,GMAY,CIBR,JANW,EQTY,FYEE,FELV,BUSA,YDEC,PBJA,BLUX,FLOW,IVVB,SKYY,ESUM,VYLD,ONEZ,PJUN,TMSL,GBXA,AIEQ,DGS,YJUN,PBSE,PRN,QWLD,AUGW,NNOV,UOCT,QLV,MAYT,XAPR,ARGT,NULG,PBJN,ABOT,PBL,GBLD,EMBX,IGTR,BMAY,PSFF,TUGN,DUHP,MXI,ACIO,TVAL,RSSY,USVM,VONV,VXF,PUI,BBMC,IWD,HWSM,COWS,PKW,FSZ,DUKX,DSEP,NVIR,PBFB,AFSM,JDIV,QUS,VIS,GVUS,TDV,BOAT,KSEP,FLRG,MFUS,UXJL,IAUG,DBEU,RNIN,BLCN,IAPR,VSOL,SEPW,BCIM,ROSC,XDEC,NUSC,PTLC,FIDU,FEBW,FARX,LCR,PBFR,FTC,PNOV,QUVU,FUNL,AOM,SPBX,RISN,SAUG,EWX,XJUN,PBMR,ABEQ,SEPI,TSCV,JUNW,YALL,DOGG,RZG,PSTP,GSEP,DWUS,RWJ,VBK,FTA,TSME,DGRW,OCIO,BVAL,MGV,MAYP,DMAY,WCEO,FCLD,KNO,XBOC,TFPN,IFRA,UNOV,HDMV,DEFR,XOCT,FLGR,EELV,VIOV,RB,IJS,SFYX,BDGS,EMQQ,UJUN,UST,VTV,MARW,HFND,FEX,RFG,KJUL,VLLU,BTGD,IQDG,IVE,RSPE,FLCV,GSSC,CGW,EUHY,ELD,DAK,XJAN,KSLV,SPBW,JGLO,SPYV,BCHP,PTIN,FFDI,DTD,GJUN,MAMB,OCTW,SLYV,VFVA,CAIE,PBOC,UX,DFE,QQQE,PMAY,DFUV,OASC,VOOV,NXTI,MSFL,XMAY,FMAR,WTMF,IDYN,BASV,QNXT,VUSE,QQEW,CLCG,STXV,XMAR,DFLV,SPUT,XFEB,DUSL,LGCF,OMFS,SSPY,IUSV,HEQT,TSII,KAPR,TSLO,FLAG,FAAR,TIIV,AVIE,EWG,XJUL,SIXD,BIDD,MVFG,NVBW,POWA,EAOM,CPSD,XRLX,DEM,FLV,QQA,QB,NRSH,SPVU,EFG,RBLD,IBUF,HUMN,GMOV,BFOR,RSBA,BFRZ,DFVE,THLV,TMFE,SEMG,EEMV,JHDV,QLVD,XLI,DMXF,SELV,ZALT,EBUF,JMEE,HACK,IRTR,FEMB,XLY,DALI,SPIN,DJUN,SCHV,ISCV,CGRO,FTXO,BUFT,DVND,JSMD,XSMO,STXK,MAYW,CPRY,PBMY,WTV,QEMM,GMAR,EMB,SEIQ,ZDEK,XHE,DNL,BOBP,BUFS,SBU,VIOO,CHGX,RIFR,XAUG,STXM,SPHQ,TOT,JEMB,SPCX,SMCF,MSSS,DMAR,BAPR,KTEC,EAOK,GPIX,STRN,JPSE,SEIS,AOK,CPNQ,BOTZ,HELO,TXS,BAMO,OMFL,DWAW,SPAQ,MAXJ,RNEM,SPCZ,GDXW,UGA,RDIV,NOVM,EQL,EMHC,UMAY,ACVF,APRT,FMCX,EWUS,EBIZ,AZTD,IHDG,XOVR,FFUT,JEPQ,VTEL,SMAX,WBIF,DFAS,PSET,EVUS,IBUY,JHMM,IYG,FNX,MVFD,VIXM,SQMX,ROMO,GTR,SHE,TBFC,RSMR,TCV,FDN,EHLS,EMLC,OUSA,CALF,GVLU,SKYU,APRP,TMF,JDVL,XSEP,GBXB,MPRO,IYLD,EFAA,GQI,FAPR,GEMD,FXE,NDIA,MVLL,TSLP,PIO,MIDE,INDY,MEMS,GSC,TACK,CPNJ,VB,JETS,PSCM,FTBI,VWOB,FEMS,JQUA,QQQI,USAF,ROPE,FMTL,CEW,WBIL,DMAX,AAPR,GRIN,ISPY,LSAF,BNDY,MDEV,RWK,IJR,SPSM,CMDT,AJUL,JUNM,PDP,NAPR,TEST,PSFM,AFMC,CPNS,XVOL,DUKQ,UBT,HOOZ,FTGS,XEMD,LRGE,QQQH,ZJUL,QALT,DDX,FXF,MKAM,GGME,FMDE,ZAUG,POWR,FNDA,XTR,OKLL,DDTL,SMAY,IBND,EMDV,LGOV,JAJL,VFQY,GRPM,DFSV,LMBO,SNOV,OGIG,TOLL,QSML,SPMV,TSEL,AMDU,FB,JPMB,JOET,CPSJ,BLKC,PHDG,OCTM,CPSA,KAUG,SIXO,WMTI,UCYB,SCHM,TDAQ,DECM,SURE,IHI,PEJ,JHAC,IWS,EES,QCAP,SPAM,VCR,FCFY,FDIS,JPUS,DIVN,NFTY,PAPR,SVAL,CPRA,ZJAN,PMJA,ZSEP,PGJ,UCC,CPSY,INDA,TJAN,FAB,CPNM,BALI,SAA,SIXZ,FLIN,IYF,TRND,DRSK,IMCV,CPST,GAPR,EIPX,TMFX,XRT,RVER,PJBF,JHSC,JULM,AVUV,UJB,UAE,NEMD,IVOG,CPSL,TEXN,FMUN,PSMR,JOJO,PSCW,IXC,EZM,BDVG,MNA,VOE,AUGM,RSDE,PMFB,EQAL,MYLD,QQQA,EPI,PBAP,CPSN,TMVE,ACSI,FSMD,LINT,SVXY,RFV,IJK,DSTL,ZOCT,FMUB,SEA,COM,EMBD,EMHY,MDLV,BOXA,LVDS,UAPR,CPSM,MDYG,OEFA,VIGI,NFRA,AVMC,CPRJ,TAPR,IQRA,FXO,BAMY,QAI,BAFE,BKMC,VDIG,PXI,KJUN,MUNY,TSOL,SEPM,ZNOV,SNPX,FTDS,CVMC,ACVT,CPSF,MARM,PRAY,ANEW,ZFEB,IQSM,OVS,EPSB,APRW,QYLG,GRNJ,RSPC,CPSO,AOCT,SPYI,SIXA,DFAT,XJH,BALT,JFLI,BUFC,JANM,MUND,NMB,HOLA,CZAR,CPSR,RAUS,DAPR,ACWV,ZMAR,ITWO,CVAR,BUFX,PMMR,BAB,BILT,NDVG,AJAN,ARMH,TJUL,ABLG,IWR,STNC,IBGB,VEMY,HAPS,FYT,RSPN,FMAG,XCLR,SIZE,QLTI,MMAX,EPP,FEBM,VIOG,VBR,MNZL,EDIV,DEED,INTM,ASCE,FPXE,CSMD,BBHM,IVOV,SPDG,GSEW,BBAX,RSP,AAPW,IBTQ,CGVV,DIVZ,VMAX,AQWA,IJT,ISHG,DIVB,FLXN,VO,MSFX,GCC,DEUS,USSE,IBGL,CAIQ,AMZZ,VALQ,IJH,SLYG,XSVM,SDVY,BBB,BSCZ,COWZ,SPMB,EZMO,INFL,EPMV,RSJN,MFSV,DHSB,BLTD,FXZ,FFIU,BEMB,MDY,DIVS,EQRR,ZAPR,INCM,TLH,IWMI,ILTB,IVOO,AGOX,LMUB,EMLP,SPMD,JSTC,UDI,PMAP,KDEC,DHS,GSG,RSSE,FICS,CPSP,TRUD,XTEN,IGIB,IEF,IBMT,MGMT,IGOV,AVMV,IBTP,SPCT,ASTX,ENOR,TINT,LYLD,PHO,VUSG,IBDZ,FSEC,SRET,PICB,THD,ESSC,MCDS,DDIV,UTEN,QIDX,INCE,KBWP,APXM,OWNS,SPTL,VCIT,MBB,BLV,FMF,SHPU,SPGP,SHUS,MYCN,BIV,LLDR,GMMA,IMTB,DDFL,TAXT,IBGA,CZA,TBLU,XJR,MGOV,USIN,MYCM,QBSF,GRPZ,NORW,WEEL,ICAP,LRGG,ITM,XSVN,PJIO,MUNC,VUSV,ABFL,GNMA,EBND,ZTEN,DVY,SPC,MYCL,VGLT,GKAT,NBOS,BCDF,IBTO,IGLB,MID,RPG,VMBS,EFAD,BAMB,BSCY,CCFE,GXPE,DDTS,NVII,HDG,IMCB,TEQI,ZMAY,JPME,SCHI,EDV,HIDE,SCHQ,AUSF,EVYM,FTQI,GOVI,TCPB,ITEQ,BSCX,HDV,IJJ,JBND,TOLZ,USFI,EUSA,HNDL,DBC,RDVI,IBDY,IBTM,TPSC,FIW,FCOR,GIND,LQD,FTCB,MAYM,USVN,WTMU,HFSI,GAEM,PMBS,WBIY,ZJUN,SMCO,CPAG,WCPB,BUFH,JMBS,GXIG,TLT,SPLB,MDYV,SYSB,INKM,NUDV,PAYR,IBDX,INVG,QOWZ,ERET,JHMB,UCRD,CPSU,DIAL,BOND,EVIM,FPEI,VFMV,KHPI,ELCV,KNGZ,JHCP,DGCB,SCCR,CGHM,IYM,TOAK,BBBI,DMBS,AFIX,PAB,QMID,MBOX,VCLT,BOXX,BRIE,CAPE,AALG,MINN,MAGA,XTWY,MTRA,FIXD,BCUS,FTRB,BSMY,SPAB,VCRM,CMBS,BSCW,ALIL,DYLG,PSTR,NFXS,DCMT,IBTL,SPXD,YLDE,HTRB,FTBD,PWZ,EUSB,AFIF,PTRB,BND,MYCK,IVOL,REZ,SMBS,EAGG,FCEF,FIIG,TEMT,SIO,PRIV,AGG,BNDI,JHCR,GMUB,UITB,AVIG,TSPY,ESBG,LKOR,FIGB,WOMN,BBLB,WTPI,TBJL,SCHZ,DFCF,JMTG,MUST,IUSB,CSPF,JGRW,MMIN,QUIZ,IBHL,MMCA,SUSC,SPTI,CFO,MTGP,ECML,CMCI,EVTR,USIG,GLIN,SPSK,GMUN,MAGC,WTMY,CORP,CFA,TXXI,VGIT,TPZ,XFIV,INMU,TAXM,RJMI,KVLE,AVGB,VPLS,DDFS,AGGY,GIGL,ONEV,HCRB,IBIL,TPLS,FLMB,WTBN,MILK,NUBD,QLTA,INDL,BRTR,KORP,TAXE,WIP,UTWY,TXXD,CGCB,JCPB,TFNS,GVLE,BNDC,MLDR,HDGE,CMF,BSCV,IGCB,XYLG,VOT,BBIB,MAGG,FLMI,QBUL,IBDW,ARB,FIXT,FBND,GBF,GCOR,FLAO,SRHQ,BKAG,QVMS,NUMI,FLCB,BBAG,JHCB,FISR,SCHR,VTC,MBSD,RTRE,VCRB,IEI,NUAG,IGEB,DEEP,SSFI,MBS,GIGB,FPE,UBND,FLCO,GENT,TAXI,TAIL,XMPT,SCEC,GOVT,RWO,EIDO,BENJ,PCRB,HISF,MARB,GTOC,AGGS,VTG,FDAT,IBGK,XUDV,SMN,AIOO,IYC,VTEC,IYJ,UTHY,LMBS,ZROZ,TAGG,FTHI,ASMF,SPBO,CATF,OACP,VCEB,HTAX,IBIK,MINO,QVMM,PZT,SPIB,PMJL,UPGD,FMNY,IBTK,VGMS,VGVT,GCAL,NHYM,TAFL,SRS,IBIJ,YFFI,PFIG,IHY,BBBL,TAXF,PYLD,EASY,ONEO,FDV,PZA,SURI,GBND,IYT,BMDL,MUSQ,APCB,BBCB,TAFM,TUA,DYTA,JLQD,FOPC,SMTH,CEMB,UFIV,KNRG,CA,PJFM,GVI,HMOP,UBOT,BDBT,UDN,BKCI,GTO,UCON,CHIQ,LQDB,MFSB,KBE,FALN,SKOR,BGRN,BYLD,LMTL,MUNI,KNOW,PRFD,IBDV,SCLS,FLGV,CPLS,FTAG,FV,BSSX,VBND,GMOD,QIG,PQDI,IG,MLN,GXPD,PCL,TMB,NCPB,DRV,GUSE,TIPD,VTEI,MFSM,VFH,BSCU,MYCJ,VTEB,LQDI,APOC,FEIG,CBON,GHTA,XLKI,TFJL,TOTL,PMAU,SCAP,XV,TLTI,CGMU,FCBD,MIG,LQIG,NBTR,DTEC,EFRA,CAOS,AVMU,SCIO,CHRI,DIVG,PBP,DFND,FNCL,MUB,UNIY,PDBC,VETZ,NYF,DFGP,IBD,GOVZ,SPDV,DBND,FRIZ,IFLR,EVMO,EYEG,PCI,RFCI,LOGO,PMIO,GRNB,CSRE,SPTB,ISMD,FMB,SIXS,JMUB,ICPY,GLDW,GEW,REK,IIGD,IAGG,MNBD,WABF,APLU,MKTN,DFGX,IBTJ,OVB,CGCP,RSPG,IBII,FCAL,NPFI,PY,SCMB,JPIB,RVNU,ALTY,HFMF,EMCB,ADFI,MBBB,BREM,RMOP,TIP,TOTR,XLF,RSPD,MVV,PALC,DABS,JCPI,AGGA,ANGL,MANI,HTAB,KIE,ABNG,JHMU,BBHL,HEDG,JMSI,MMIT,BSMW,AGZ,HEAL,VTP,KWIN,SIFI,IWP,BSMV,LSEQ,FMHI,ZTOP,TPLC,IBDU,TIPC,SHPP,QYLD,SBND,QTPI,GSX,TDSC,MUSI,PIN,IOPP,DUKZ,CEFZ,WBIG,MSFU,XHYH,CDC,CPLB,CDL,FLXR,CPHY,BNDW,XOEF,IBIH,USMV,MBCC,PMSE,MYCI,JMHI,FCTR,FVD,COMT,PIFI,BUYW,EBIT,BSCT,APRB,IPB,NFLT,XBB,BSMU,JULB,PSQO,BSMZ,INCO,PHYD,SCHP,TFI,VSDB,ACEP,DIVL,DFSB,IMCG,APMU,OEI,MFLX,CHPX,CBOA,FDL,AGGH,JMID,SECR,PHB,BDYN,GENM,IHF,CAFX,FTIF,IGSB,VCSH,KDRN,LTPZ,BSJW,CFIT,FMCE,ABCS,SMOT,DGIN,WULX,SMMV,EMTL,LOTI,AMAX,XTRE,FLTB,DFNM,HYD,BSV,EQIN,SPIP,QHY,CLCV,ISTB,SAWS,IBIG,GLIX,SUSB,JANB,DFSD,SCHJ,FXD,GHYG,NIXT,EVSD,IBMS,CAAA,IBTI,NUSA,BSR,AIVL,PREF,UTRE,SQLV,FPAS,DURA,JRE,LDSF,HYBB,TRBF,IAK,SJCP,MYMJ,ACSG,AINP,OCTB,DFIP,RULE,TIPX,SLQD,GDXY,BRCE,NBFC,TDTF,NXUS,GMNY,TBG,HYDW,AVSF,VSDM,RJDI,JSCP,BFIX,AQEC,MHY,FNK,BINC,IGBH,DVAL,COWG,XFLX,FSIG,STXT,JPLD,MYCH,BRHY,BSCS,SHAG,XAGG,HYFI,LDRT,FCSH,BBBS,IBDT,HEFT,SHYD,ILS,TLTX,BSJX,MUNB,ZTRE,FLIA,WMSB,QMOM,GSIG,CEFS,QSIG,MMSD,SJLD,QQXT,OBND,RW,FLHY,USDX,AHYB,CBLS,OPEX,DFCA,TIPZ,HF,RMCA,BEEZ,PCEF,HYG,MFUT,WANT,CCEF,DLAG,CARY,LDRC,MFUL,SDOG,FDHY,RTAI,IRVH,BLST,PSDM,SDFI,INDS,FLQM,NSCI,BNDS,SDSI,KRE,VCOB,MTBA,GTIP,VEXC,TEND,AMDW,HIMU,FMQQ,STBF,GHMS,OVM,REM,CVY,TRIL,PBTP,EXUS,GBHI,BSMT,NVDO,FSYD,DCRE,METD,IVRS,IROC,STEN,AGRH,EDGF,STPZ,RMNY,USSH,HARD,DRES,NEAR,LGLV,TSYW,FHYS,MYCG,CARU,PFUT,EVX,BBSB,CGSD,SMB,GGOV,REET,NUHY,NJNK,MBNE,ACII,VRAI,HIYS,MBND,PSCE,IBHK,BLUI,IBDS,CGSM,LODI,DJIA,FPFD,SHY,USDU,HYXF,HYMB,UTWO,GSGO,SPSB,CGMS,HYLB,SPTS,BWZ,JPIE,DDFO,XTN,BSCR,IBTH,OVT,PRNT,TENM,HYSD,USTB,XYLD,KXI,DDTO,CBXA,CORB,VGSH,IBIF,GQRE,GHYB,JIII,TENJ,STOT,MSTI,NELS,SBAR,GTOS,JHHY,XHYD,CAM,FTCS,LFAW,VTIP,ZTWO,MUSE,SCLZ,NBSD,XXV,FXN,MBSF,DMX,NOBL,SMMU,PSQA,SCHO,XTWO,TPHD,TUSB,EVHY,FLQS,CLOC,IBIE,JNK,XFIX,XMLV,CGHY,DLNV,MOO,IBHJ,BSMS,DRLL,HEJD,BHYB,XMHQ,BNDX,LDUR,JPHY,SLDR,SGVT,USHY,BDVL,CGIB,HYEM,PSCF,VEGI,MYMI,VTES,CWS,BWX,SXQG,EIPI,STIP,MYMH,RCLO,FSMB,SYLD,FLDR,PDDL,EVSM,TAFI,IBMQ,BFLB,RWR,PCS,PRSD,TLTW,IBMR,MYCO,SIHY,TSEC,BSCQ,CSHI,EVSB,OOSP,SUB,JFLX,VGUS,CLOB,IBDR,RJVI,TMSF,BSMR,BSJU,MUNX,FXR,SCYB,BSJV,DGOC,ATTR,MULT,BMVP,FLUD,SMOM,KHYB,MMID,VBIL,TIPB,IBMO,TAXX,LQDH,IAT,FXA,OBIL,ACLO,VNLA,JANH,VUSB,IBTG,PHYL,FTSD,VDE,LDRI,BKHY,IVRA,XHYF,CALI,SYFI,TMNL,TDTT,DYLD,TNGY,JPST,VGHY,SDY,FLDB,VSHY,FIXP,SCUS,JANJ,GSST,TYLD,GMOC,SPTU,DYNB,BAMU,CGUI,ZMUN,JHPI,IBMP,IBMN,IBHH,HYSA,STAX,MYCF,GSY,NHYB,PMOC,VUSI,FSGS,BKUI,WISD,CLOD,ASCI,TOGA,JABS,HYS,PULT,RYLG,MYMK,FXB,PMMF,KCSH,DVXE,THYM,BASG,AGZD,TBUX,TAXS,DFGR,HYLS,ONEY,SCDV,BBHY,LJUL,HYZD,PUSH,LAPR,TIPA,PSWD,RITA,IBDQ,BEDZ,MEAR,ICSH,JMST,GUMI,FTMN,PVI,YEAR,GMMF,FENY,SPHY,FTSM,TUSI,SIXH,ULST,RAVI,JULJ,LQTI,LJAN,IGHG,PULS,JULH,TMNS,MYMF,AUSM,NUSB,DUSB,PMNV,DSMC,SHM,TBLL,FLRN,FLTR,XBIL,BSMQ,RIGS,XIJN,XONE,SBIL,CMBO,XHLF,APRH,BSCP,UYLD,BILS,FTMH,FLOT,GBIL,NYM,IBHI,LVLN,CLOX,BSJS,CVSB,EMNT,PAAA,TBIL,REGL,BAMV,ICPI,XIDE,SHV,SGOV,IBID,MINT,HYBL,TRSY,FRI,WZRD,PSCU,WEEK,CLIP,HYDB,BIL,VRIG,MMKT,UUP,CAFG,ARCM,SOFR,HBDC,JPX,IHYF,NIHI,FTOH,IBTF,HYTR,HYGV,XIMR,PCLO,NCLO,IBIC,SDCP,FTNJ,RAAA,TFLO,EUIG,TLCI,LIAM,FLAU,TOCT,FTMS,DDV,CLOA,AMID,BSJT,BSMP,FLDZ,TRPA,FTPA,FUMB,APRJ,ESLV,IYE,OPER,LDRH,RDFI,BSJQ,MYMG,VRP,SHYG,JSI,GPRF,PGHY,ENZL,FTCA,AOHY,RSPA,LOCT,USFR,ICLO,HYBX,HOMZ,BILZ,SMLV,ENHU,AAA,IBHE,LVHD,XB,USMF,PCGG,CLOI,BUXX,BSJP,FTMU,DDFN,BTR,PSH,ZTAX,INQQ,XHB,BSJR,MLPD,XHYE,SHYL,BKLN,SNPD,MUNA,LTTI,FTSL,HYRM,JPSV,SJNK,ISHP,XISE,FTMA,FTNY,JAAA,GDOG,NBET,VABS,THYF,PXE,DDTN,ESMV,IBHF,XHYC,IBHG,HYUP,GYLD,USRT,AMUN,MCSE,FUSI,HYBI,OCTJ,KONG,XSW,CAMX,BLDG,BCLO,AVRE,XLE,DYFI,OCTH,ABXB,XHYI,GLCR,CTIF,DTRE,DGLO,DIVE,VSDA,OSCV,XHYT,TFLR,RSPF,KBWR,RMIF,GGM,CCOR,HYGH,DVXY,PCMM,RBIL,CCSB,YFYA,CSHP,DBE,QBER,PAMC,OKTG,PFXF,FLRT,JEPI,JHLN,DIVY,QCMU,MAGY,KCCA,IQHI,SRLN,TGLB,LONZ,SHYM,KAT,CLOU,SMAP,XLII,THRV,ACSV,PQNT,FFLS,CSB,SMIN,BBRE,RSBY,SPFF,NUGY,CBOY,ESLG,ABI,PCLG,NBSM,AMZU,DON,FVC,EVLN,URSP,QABA,TPYP,VGSR,SDVD,IYR,DUNK,IGV,PCEM,TERG,FDND,IYRI,XDAT,CBTA,DUKH,BRKU,USML,XOP,GQGU,THY,ACEI,SPLV,SLNZ,DWSH,EMTY,BUCK,FXC,XLCI,PTBD,PCHI,ACKY,JUCY,DES,PFRL,RBLU,PTMC,YLD,NVIT,SIXL,RYLD,XRLV,EUDV,EGGS,HYTI,PBOT,GTPE,BRLN,XLUI,PFFA,DVOL,IEDI,IVVW,SEIX,PSR,IEO,FCG,DDXX,FREL,KMLM,JPRE,JAPN,ESIX,CLOZ,HYHG,SCHH,QQQT,TUR,QDIV,RSMC,EWA,FMAT,FTKI,SCHD,SYZ,WEBL,HUSV,JBBB,MIDU,VAW,HSMV,UYG,VNQ,GXPS,YYY,XSHQ,IYK,IPO,KCE,XLYI,OUSM,DFAR,CBOJ,CDX,EINC,FGSI,QAT,BOUT,MJSC,UMDD,XSLV,XPAY,FXED,RISR,DHLX,TXSS,AMJB,CBOO,ABLD,PAPI,FPRO,SHRY,XLFI,SPRE,ICF,PGX,BFAP,XCCC,ITB,TLTP,CEFD,MORT,HCOW,BYRE,FDIV,FLBL,CORN,UNL,RUNN,XLEI,GPZ,AREA,SEF,NMBL,MDPL,DAT,XRMI,LGHT,ODDS,QRMI,SNSR,GXRP,CPII,SPHD,RSPM,PGRI,SUPL,SAEF,TINS,CBOL,DGRS,FSCS,XRPM,DADS,EDEN,PIPE,WCBR,NEMG,SMDV,RINF,TMFG,PFF,WCAP,FSOL,KROP,UMI,RNTY,NUMG,LDDR,BCKT,REIT,RKLZ,XLRE,CVRD,HIGH,SPYD,PGF,LQPE,FIAX,BNDD,PFFR,WEEI,XRPZ,PFLD,SJB,SOLC,PSK,KNG,XLB,NETL,QQLV,IHAK,BUYZ,PFI,BCIL,BNO,TCAL,MDIV,DIVP,BAIG,SHRT,KMID,BPAY,PAWZ,OILT,MDAA,OMAH,AMZP,PSCD,ENFR,HYGW,VDC,LIAE,DFTT,PEZ,PLOO,LIAU,MLPX,FSTA,GXDW,TBF,HYKE,DIV,FEPI,XITK,SDTY,PFFD,CTA,HDLB,TBX,LMTS,RDOG,MSFY,CDIG,EPRF,SPYT,LSAT,MDST,PPTY,FTXN,BRKD,TMFS,DVIN,TOKE,PCLN,LBAY,XLRI,MILN,STHH,CONX,AMLP,SRHR,MCOW,KLIP,MYY,RETL,LQDW,XLP,PFFV,LFAO,POW,XLBI,EZRO,SEMY,MLPA,EMKT,ERX,SCOW,TMDV,RSPS,SPIT,QDTY,GABF,ABLS,DIG,IRET,HAUS,SETH,KSA,XLSI,QLDY,NEWZ,FXG,LIFT,DBA,XRPC,FLSA,GPTY,SMIG,GDLC,PCR,PCFI,SVIX,SZNE,APLY,SCDL,USO,BTRN,MJ,RYSE,WNTR,MVPA,MLPR,MVRL,EPHE,FXY,DVXF,STSM,HOOW,EUO,AKRE,DUG,BAMD,SBB,RSPR,PEY,VNIE,IMF,FAS,ERY,NVDB,TILL,CRED,PALD,BJK,PBJ,HBTC,CRDT,DESK,AWEG,TAGS,FCTE,SKF,IWMW,RIET,BRKC,MSFD,KBWD,WCLD,NETG,LFAI,FTXG,PCIG,USAI,HYP,QDTE,CBXY,NDIV,TXUG,BRKW,ZIG,WDGF,LIBD,PST,UNG,HIPS,AWAY,TXBC,BCOR,PDBA,TIME,DOG,HODU,XPM,XOMZ,XDTE,EGGY,BETZ,USL,BFJL,PALU,PSP,WILD,TPOR,TSMY,IGGY,QCMD,DVRE,YSPY,SRVR,BLOX,GIAX,BUG,OWNB,DBO,URE,TBT,CNQQ,CBXO,TEXU,THTA,SVOL,KOLD,WDEF,ARKT,NURE,CBXL,CBXJ,REAI,KBWY,DLLL,NRGU,COSW,AIPI,ORO,FINX,GUSH,GEVX,TYO,FAZ,GRW,FDFF,FBDC,VICE,OILK,AETH,DVXP,EFZ,XSHD,SMLL,JPMO,NWMX,AMYY,HYIN,AAUM,EATZ,SOVF,SPDN,SHPD,RWM,WDAF,JETU,PBDC,MZZ,QUSA,ETH,UYM,TTOP,SOLM,SH,ETHV,ETHW,EZET,QETH,TETH,FETH,TTXU,ETHA,HOOY,GLDB,PSL,AMZA,JEDI,WOOD,WDTE,AMDY,GLDY,BFOC,CUT,PANG,TMV,WTIU,DRIP,UGE,CBTY,MSFO,ETHE,XYZG,PLTW,TSLV,UBRL,DVXB,AMZD,OILU,WPAY,YMAG,QBF,DPST,ERNZ,PEX,AMZW,SIJ,KPDD,CSCS,GLGG,PLTA,OOSB,MSST,PFIX,IOYY,BIZD,QQQY,TTT,KYLD,CBTJ,RDTY,IPAY,YXI,OOQB,CVNX,NVDW,VPC,LBO,YCL,EZPZ,LTCC,RFIX,SOUX,SDD,SKRE,PSCC,PSQ,CBTO,BBYY,DRN,DXD,TMFM,OSCG,CBTL,JOBX,SPCY,EUM,REKT,NCIQ,WEED,DEFI,BTCW,HODL,BTC,BTCO,EZBC,BITB,ARKB,BRRR,IBIT,FBTC,WHTX,SCC,RDTE,XOMO,CXRN,COTG,GBTC,ETHD,BABW,PLTI,FBYY,USOI,BTOP,SDP,OARK,SMCZ,CRPT,CEPI,COIO,BTAL,BABO,CLSX,FRDD,AZYY,SMDD,TSXD,TSLW,GDFN,BMAX,WQTM,FLYD,SNOY,SPOG,PLT,WXET,SAPH,PLTY,KTUP,UCO,NFLP,VIXI,ETQ,USE,COIG,ORCX,UBEW,CANE,HOII,EPV,EFU,HFSP,OILD,NAIL,YQQQ,QQQD,AMZY,DFII,NVDD,SDS,MSFW,NFLU,BITC,HOOI,DVDN,WEBS,GMEY,QIS,TQQY,DRNZ,PLYY,LYFX,TWM,BPI,IWMY,FBL,NFXL,FLYU,BTF,TSLY,ARMU,CNBS,WTID,BDCX,SDOW,PYPG,MAAY,NNEX,VIXY,AAPD,SOLZ,CORX,SARK,BEX,CRMG,FIVY,NVYY,NVDY,EWV,METU,XRPI,BTCI,DISO,BOEU,SLTY,BOIL,NRGD,RDYY,UNX,NETX,RXD,ESK,SSK,KJD,CVNY,NFLY,ORCU,FBY,QID,OKTX,FXP,NOWL,BITY,ZVOL,BCCC,YMAX,GLXU,EEV,HBR,BKNU,SPXS,EHY,CRDU,METW,MPG,ABNY,SPXU,ANEL,JETD,ARMG,VSTL,REW,BSOL,FEAT,NVDS,BAGY,TZA,ARMW,ETTY,XRPR,EETH,OSCX,QQDN,LFGY,SRTY,TSMZ,TTDU,BOEG,BETE,COII,NEBX,IETH,BETH,TSLS,NVOH,NFLW,RBLY,ULTI,YBTC,DIPS,IGME,KMLI,HOYY,BZQ,PYPY,SMYY,AIBD,YANG,BNKD,BITK,ELIS,ETRL,USOY,ADBG,CONI,PLTD,BTCC,MEME,YBIT,UVXY,BITO,SQQQ,EDZ,IREX,DRAY,IRE,NVD,CONL,PONX,HIYY,NVDQ,CWII,BTCL,COIW,XYZY,BTFX,ETCO,TECS,GRNI,BITU,BIS,QSX,GLL,ETU,PLTZ,HIBS,COIA,ICRC,AVS,BITX,GSOL,MPL,MAXI,ETHU,ETHT,GGLS,DOJE,SRPU,DASX,MSTK,DIME,SSG,GMEU,XXRP,AMDD,AVXX,BLSX,AFRU,YETH,QDWN,ICOI,HIMY,XBTY,QSU,NBIL,TSYY,UVIX,IMRA,LABX,CRCO,BLSG,XRPT,MSOO,SOLT,HIMZ,AXUP,COZX,NBIG,AURU,SMCY,ENPX,SBTU,COYY,MTYY,SLON,VOYX,MARO,DKUP,ZSL,DKNX,SMCC,LLYZ,TSLQ,TSDD,MSII,MUD,TSLZ,BULX,IMST,FLYT,ARCX,UXRP,APED,DUST,SMCX,GEMG,CELT,MRAL,SMCL,UPSX,ETHI,CRWU,MSTY,LABD,QUBX,BULU,MSTW,LCDL,BMNU,GDXD,MSTX,IBCA,CLSM"
64,Confectioners,Consumer Defensive,51,63,38,45,"MDLZ,HSY,TR"
65,Food Distribution,Consumer Defensive,50,57,48,39,"SYY,USFD,PFGC,CHEF,UNFI,WILC,CVGW,MTEX,TWG"
66,Drug Manufacturers - Specialty & Generic,Healthcare,50,57,51,48,"ZTS,TAK,HLN,TEVA,UTHR,NBIX,VTRS,ELAN,HIMS,INDV,LNTH,KNSA,PBH,SUPN,HCM,BHC,PAHC,PRGO,BGM,HROW,BCRX,DVAX,PCRX,ORGO,EBS,EOLS,ETON,SIGA,KMDA,LFCR,DERM,EVOK,FLGC"
67,Capital Markets,Financial Services,50,35,45,52,"SLNHP,MS,GS,IBKR,HOOD,LPLA,TW,FUTU,NMR,CRCL,IREN,HLI,EVR,JEF,GLXY,XP,VIRT,FIGR,MKTX,WULF,MC,LAZ,SNEX,HUT,MARA,BGC,MIAX,ETOR,MRX,TIGR,GEMI,OPY,CD,FRGE,NCTY,SRL,ABTS,ZBAI"
68,Integrated Freight & Logistics,Industrials,49,73,62,63,"UPS,FDX,EXPD,CHRW,JBHT,ZTO,GXO,LSTR,HUBG,PBI,FWRD,CYRX,PAL"
69,Airlines,Industrials,49,85,44,67,"DAL,UAL,LUV,LTM,AAL,SKYW,VLRS,SNCY,AERO"
70,Insurance - Specialty,Financial Services,48,83,41,48,"FNF,FAF,MTG,ESNT,ACT,NMIH,ITIC,MBI,JRVR,OSG,EIG,TIPT"
71,Oil & Gas Midstream,Energy,48,61,52,48,"ENB,TRP,SUNC,IMPPP,WMB,EPD,KMI,ET,MPLX,LNG,TRGP,CQP,PBA,VG,WES,PAA,DTM,VNOM,HESM,SOBO,FRO,PAGP,GLNG,STNG,EE,INSW,TRMD,KNTK,DHT,TNK,GEL,GLP,FLNG,NGL,LPG,TK,PBT,TEN,KNOP,SMC,IMPP,TOPS"
72,Leisure,Consumer Cyclical,47,56,42,39,"AS,HAS,MAT,LTH,GOLF,YETI,MSGE,MODG,OSW,PRKS,FUN,LUCK,JOUT,XPOF,HERE,JAKK,ESCA,DOGZ"
73,Entertainment,Communication Services,47,52,41,49,"NFLX,DIS,WBD,LYV,FOXA,FOX,FWONK,FWONA,PSKY,TKO,WMG,LLYVK,LLYVA,SIRI,MSGS,SPHR,MANU,BATRA,BATRK,IMAX,AENT,MCS,STRZ,LFS"
74,Electronics & Computer Distribution,Technology,46,24,32,47,"SNX,ARW"
75,n/a,n/a,46,51,47,47,"BABA,SCCO,COR,AMX,CMI,PWR,ALNY,RKT,AU,RDDT,CLS,PUK,CIEN,RL,SATS,SBS,NVT,OKLO,BMNR,COKE,RNA,CDE,NVMI,SBSW,RGTI,QBTS,QS,CIFR,APLD,COGT,AGX,APGE,COMM,BLTE,PL,RCUS,NUVB,AVDL,OLMA,NVTS,ATRO,QURE,REAL,AMLX,RHLD,NVRI,ALM,RAPP,AMPX,RLAY,AXGN,SEPN,ANAB,PVLA,NNNN,RAPT,ATXS,CMCL,CLLS,AXTI,SGHT,ANRO,ANPA,AVTX,PYXS,NVA,COE,BNR,CCHH,CLNN,COEP,OCC,OESX,NXTC,APLM,QNRX,GREEL,WHLRL,DGP,AVGO,PLTR,AMD,APH,B,AXIA,COHR,RVMD,ROIV,NXT,SANM,CNTA,RUN,SEI,BKD,SA,SEDG,AUPH,AMRC,SHLS,PUMP,ALNT,RZLT,RIGL,NUTX,AQST,RGNX,NPCE,CDZI,BIOA,CMCM,ALMU,RDNW,SCLX,BODI,PTN,BLBX,BRKRP,AMAT,APP,SAN,NTRA,RKLB,CIB,ALB,AVAV,RMBS,AHR,AMKR,NUVL,RYTM,SEB,AMRX,AUGO,COCO,AORT,AVAH,SBH,COLL,NPKI,CNL,ODP,ALMS,AIP,CPS,ALLT,CMDB,OBIO,BKTI,SGMT,PPIH,ATRA,NUKK,RAIN,COHN,BAR,NOK,AXSM,AMG,SGHC,COMP,RIOT,POWL,ALHC,AMBA,SHOO,OCUL,REVG,QUBT,CMRE,CDRE,NRIX,NRDS,REX,SENEA,APEI,ANGO,BKKT,SHIP,FNGO,RDACU,BWNB,AZN,SHOP,NU,BSBR,NRG,SHG,BSAC,SEE,BOOT,RILYN,RTX,RILYG,NTES,BNS,REGN,CM,NWG,ROST,ALAB,RPRX,RCI,CMA,BRKR,RDNT,NXE,SHC,REZI,CORZ,CLSK,CPRI,PINC,ANIP,SCS,ANDE,CMPR,REPL,BKSY,SD,CLPT,PKE,AMCX,ALDX,CIO,RDIB,AHMA,RGS,CLST,NRT,TPTA,AXP,BWSN,NVDA,AMGN,BK,RBLX,ROK,RYAAY,RIVN,SGI,RGLD,APG,RBC,BLD,AYI,NYT,RGEN,CORT,AMTM,CLF,CMC,BLLN,BKH,CNX,AKRO,NWE,RSI,PII,AGYS,AIR,APPN,BKE,CMPO,PLUS,NWN,NYAX,CLDX,SHCO,BLBD,NSSC,SGML,CII,PLYM,PLPC,ODC,RDVT,SCHL,NWPX,CLCO,CMPS,RRBI,SFST,NRC,AII,OIS,QTRX,AMRN,ATNI,BLFY,RCKY,AMPY,PLCE,TCGL,BOTJ,RFIL,GRN,NVS,RY,SHEL,ANET,PLD,RIO,BN,BMO,BKR,NUE,ROL,CINF,CMS,BNT,ROKU,OHI,AKAM,APA,AL,POR,CPA,AQN,PLBL,BKU,HOVNP,SBLK,BKV,NTCT,SEMR,CLMT,NVGS,SBR,COHU,CMP,AXL,CLB,NRIM,NUS,BMRC,RYAM,CMT,AGCC,RILYK,BP,RILYT,NOC,NSC,ATO,CNP,NTRS,APTV,ALLE,RTO,SF,PLNT,AWI,AN,OLLI,NPO,CMBT,CPRX,RNW,NTB,AZTA,SCOR,DHCNI,QGEN,NNI,BLX,ALGT,PLOW,AMRK,NPB,BME,AIRTP,RM,AVBH,RDAC,SCCE,CDZIP,SCCF,QSR,PODD,BIP,DJP,SCCD,AZO,RVTY,AIZ,ALV,NXST,BLCO,NOV,PIPR,BIPC,OGS,BRC,AVA,CPK,SBCF,NTST,BLFS,OCS,OFIX,SHBI,NXJ,PKST,NQP,PINE,ALCO,NTHI,CODA,ALAR,QVCGA,CPBI,OAKU,SCCG,NOVTU,AMZN,CNQ,POWWP,COF,CME,ALL,ALLY,RNR,AGNC,CNOBP,AME,COLB,QRVO,BPOP,BOKF,RRR,ROAD,RAL,BMA,BL,CDP,AHL,QQQX,AOD,PNTG,CDNA,AVBP,CPAC,RMT,CIVB,BNTC,OBE,AVBC,ZTR,AVNW,PKBK,COSO,NWFL,AQMS,VXZ,PMTRU,CUBB,NMPAU,QCOM,CPNG,NTR,QXO,RRC,AXS,RDN,SBRA,AX,AGO,CNO,ALE,AZZ,OII,AMR,ATRC,NUV,QCRH,PLAB,RES,SBGI,OCFC,BJRI,AEXA,ALT,ANSC,SVACU,BNY,RGCO,BSBK,RGT,NXN,TVE,SATA,SCHW,XRPNU,GJH,UCIB,TMUSZ,OFSSH,PPL,PNR,PKX,REXR,REYN,QLYS,BNL,NVG,NZF,CLM,LION,OI,CLBK,BMEZ,AVK,BSRR,ALF,RBB,ALDF,RAC,NHIC,OACC,NUW,PLMK,FACT,RANG,RFAI,NNY,SBFG,TVC,CTDD,R,BLZRU,PJT,SVAC,POLE,HNNAZ,GIWWU,PYT,NPACU,OFSSO,AM,RNGTU,PMTW,METCZ,TMUSI,PLXS,NVST,BSM,CPF,MLAC,PMO,SBXD,RAAQ,AKA,NOEM,NXC,COLA,RIBB,NOM,ATLCL,CTBB,TFSA,ECCV,RVT,OXLCZ,RF,NRK,BLE,PMM,QSEA,GEGGL,QUMSU,OXSQG,OXSQH,JSM,AOMD,ALRS,ALISU,NRP,NPFD,SDHI,PAII,NXG,OXLCG,METCI,BLUWU,OCCIN,TPGXL,BANFP,OBT,ECCU,BRRWU,BOE,GTEN,FCRX,FIGX,AGNCZ,DUKB,CNOB,KCHV,OBA,LWAC,APAD,GPJA,RCC,OXLCL,SSSSL,OIA,BEPJ,RCB,ADAMH,CICB,PFXNZ,APACU,HTFC,CMSA,NMZ,SAFT,PMTR,BIPJ,BPOPM,KKRT,RAMP,OCCIO,HTFB,ATLCZ,ECCW,GAINI,AIT,SEM,CRAQ,AXIN,BLUW,JENA,HVMC,BPRN,ENJ,PNI,SAT,NXP,RDCM,KTH,NEWTZ,ADAMI,TRINI,BMN,RMBI,BSAA,SOJF,RWTN,RWTO,KTN,PNFPP,GECCO,ADAMG,NPK,GAINN,REGCO,GJS,SWKHL,TMUSL,GJT,APXTU,TRINZ,PM,OGE,ROG,AHCO,XRPN,QUMS,ASBA,OCCIM,CIMP,XELLL,FGN,RNGT,PMT,RWAYL,ALIS,WENNU,OXLCI,NEWTH,RZB,PML,KRSP,BRR,EMIS,BPACU,KMPB,TDWDU,SAY,RMD,HCACU,SAZ,RWAYZ,AQNB,TWOD,PMTU,BCSS,APAC,WSTNU,GECCI,PMTV,GECCH,ECCX,REGCP,MITP,NEWTG,CDNS,INBKZ,HCXY,GIW,NPAC,CMSD,APXT,ENO,AIIA,SBI,DDT,CIMN,AR,WHFCL,AOMN,CIGI,ALGM,RVLV,BKN,RVSB,SAJ,DTK,CMSC,CGBDL,MCGAU,BIPI,SGU,MITN,GJP,AGNCP,GECCG,RWTP,BLK,CIMO,GJR,NMFCZ,MFAO,RDY,ATHS,MFAN,O,PRS,BNH,NRUC,TCPA,PNC,RRX,NP,CNK,SDRL,OBK,MBVI,WENN,FCRS,BLZR,RMI,AGNCO,GAINL,RDAG,COYA,LATA,BSET,QUIK,AGNCL,RZC,AMUB,MGRE,RILYZ,PLMR,APOS,ELC,PRH,PNW,ABLLL,BLW,PCAP,PLBC,BEPI,BPYPN,RCD,AMRZ,NTAP,AGNCN,RMM,DCOMG,RCAT,BRSP,RA,SDHY,SI,SGA,ARBB,ATMP,MGR,RYI,SABA,BEPH,AFGE,FSSL,RTACU,AEFC,TBB,RJF,SCI,AGNCM,RITM,CNR,MLPB,CGABL,REG,NNN,AKR,NN,AWF,RTAC,RFMZ,AFGB,RMMZ,MGRD,BIPH,AFGD,APPF,AUB,ALKS,MHNC,UNMA,ALH,PVH,NNE,AVO,NPCT,RFM,RSF,SOJE,COFS,HWCPZ,DTB,CNC,NODK,BPYPM,SREA,BNJ,DTG,BMY,CNA,BPYPP,PFH,AIZN,NTRSO,NVR,SELF,CRBD,GOODO,BA,SOJC,MGRB,SOJD,FGSN,RCL,RHP,RNST,AWR,SBET,SHO,MHLA,SCSC,AMAL,SBSI,AIO,NTGR,RIV,RCS,RLTY,BSL,BPYPO,KKRS,COIN,AIG,BR,BNTX,PKG,COO,RBRK,AVY,RGA,CLH,SEIC,AOS,SFD,BRX,CLBT,RUSHB,DTW,RARE,BRSL,PTRN,CON,BOH,RNG,NWBI,RBCAA,ALX,BKT,RNGR,BNED,RLGT,PNRG,MCGA,NPV,RELL,RBKB,NSTS,AFGC,PFFL,COST,COP,SBUX,AON,APO,UZD,BKNG,SE,RSG,CP,CL,CNI,ALC,AWK,SBAC,AMCR,RBA,RYAN,RS,OKTA,BMRN,SAIL,SARO,POST,RUSHA,APAM,PTY,OFG,RQI,OCSL,SFL,RLJ,RNP,RDWR,SERV,BIT,CION,RSVR,NREF,RFI,PKOH,NVCT,RAIL,QMCO,PXLW,QNTM,BDCZ,UZE,AMH,BJ,BOX,AVT,APLE,SFNC,ALRM,PK,AMSC,NVAX,CIM,AMTB,NOAH,SHEN,REPX,CMCO,RMAX,SAR,BRW,NVEC,SCD,AUDC,AOMR,SDHC,AXR,SFBC,BRID,CNF,SAIH,SWZ,SAP,AMT,NXPI,AMP,AVB,PPG,NWS,NWSA,BROS,CPB,ALSN,PNFP,OBDC,AXTA,PONY,BMI,QTWO,ANF,BRZE,ATS,QDEL,CNXN,AMPL,PZZA,COUR,AMPH,RWT,AVNS,NOA,BOC,AURA,CDRO,QUAD,BRT,CIX,RCMT,UZF,NOW,APD,NXRT,ALGS,AXIL,CKX,QVCC,PYPL,CPAY,RPM,ALGN,CNM,RLI,NIQ,NOVT,SFBS,PTON,APLS,RUM,SAH,SDGR,CLDT,QVCD,NVO,RELX,RACE,AJG,ROP,OKE,CDW,Q,NTNX,ATR,AVTR,BIRK,SAIA,S,BHFAL,COLM,OLN,VXX,ODFL,NTSK,NSA,BLKB,SAM,ALG,OGCP,PWP,CDLR,ARCB,NVCR,SAFE,CNNE,QNST,AGRO,AHH,BLMN,RGR,CLMB,PUBM,AZ,SAMG,DGZ,CMCSA,CMG,AXON,CPRT,FISV,BRO,PINS,CLX,CNH,BLDR,POOL,OC,PPC,FRMI,SFM,BLSH,COLD,RHI,QFIN,ALVO,NSP,RPD,RDW,SG,OEC,CORZW,CMPOW,MFICL,CDTX,OLED,RGC,ALK,SAIC,BRBR,SHAK,RYN,CNS,RH,AVPT,AVNT,NSIT,RELY,ODD,CIVI,ALKT,CNXC,SGRY,NOG,RXO,OGN,AI,SEZL,POWI,NOMD,ROCK,AIN,CNMD,ROOT,PIII,ALEX,PXED,SCL,PX,EAI,BOW,NTLA,PLSE,AIV,AMWD,AMSF,APOG,AMN,AOSL,NX,PLAY,ANGI,CODI,SCVL,RXST,AMBQ,CLFD,BBBY,PNNT,BRBI,BRCB,SCM,RWAY,SPMC,CLW,OFLX,SEG,REFI,RMR,BNC,SENS,AIRO,ANTA,RICK,RNAC,EMP,SANG,SEV,SGC,PMTS,ANIK,SEVN,BOOM,NOMA,SEAT,AOUT,CPHC,NTIC,ALOT,BIRD,RAND,RYM,CFND,NXTT,POAI,NSYS,NYC,SBDS,BOLT,RNAZ,CLIK,CNSP,RGTIW,SFB,NNAVW,DHCNL,CORZZ,CIFRW"
76,Health Information Services,Healthcare,45,37,46,44,"BTSGU,CCLDO,LFMDP,VEEV,GEHC,TEM,DOCS,HQY,WAY,BTSG,HNGE,PRVA,HTFL,TXG,OMCL,CERT,TDOC,PHR,OMDA,CTEV,HSTM,WEAV,CARL,SLP,TBRG,OPRX,SPOK,DRIO,ACON"
77,Resorts & Casinos,Consumer Cyclical,45,57,32,53,"LVS,WYNN,MGM,BYD,MTN,CZR,HGV,MLCO,PENN,VAC,MCRI,BALY,GDEN"
78,Telecom Services,Communication Services,45,50,40,44,"LBRDP,TMUS,T,VZ,CHT,VOD,CHTR,TLK,BCE,VIV,TU,TIMB,FYBR,TIGO,KT,LUMN,SKM,GSAT,LBRDA,LBRDK,TEO,PHI,TKC,TDS,AD,LBTYK,LBTYA,VEON,KYIV,LILA,LILAK,IRDM,IDT,GLIBA,GLIBK,GOGO,CCOI,SIFY,CABO,WOW,ATEX,CXDO,KVHI,ELWT"
79,Banks - Regional,Financial Services,45,72,42,51,"HDB,MFG,ITUB,DB,KB,CFG,BAP,BCH,EWBC,WF,FHN,WTFC,CADE,VLY,FNB,ABCB,IFS,EBC,TCBI,INTR,INDB,MCHB,FIBK,FBK,BANC,CUBI,FBNC,LC,CCB,TCBK,BFC,ESQ,HAFC,MOFG,TRST,MCB,FSBC,THFF,BCAL,FISI,FFIC,ACNB,BWB,CWBC,PDLB,BWFG,MVBF,PBFS,ISBA,WSBF,MBCN,FUNC,WNEB,ISTR,FRAF,MYFW,FCCO,FSFG,CBNA,ATLO,OVBC,BVFL,PEBK,LARK,CBFV,CZWI,FCAP,FNWD,SRBK,LSBK,MGYR,FNWB,IROQ,FUSB,SSBI,FSEA,PBBK,MBBC,BWBBP,TFSL,TBBK,STEL,PFBC,OSBC,UVSP,NBBK,CFFN,EQBK,HTB,CCBG,ORRF,HTBK,HIFS,TCBX,UNTY,AROW,HBCP,WTBA,PCB,TSBK,FBLA,HWBK,FXNC,EFSI,MRBK,UBFO,ECBK,FDSB,UMBFO,USB,TFC,FRMEP,KEY,WBS,CBC,HWC,ASB,CATY,WAFD,PFS,TRMK,STBA,TMP,BHRB,HBNC,BFST,CCNE,SMBK,FBIZ,FRBA,BCML,CBAN,JMSB,LNKB,FRST,CHMG,LCNB,VABK,WSBK,TECTP,WTFCN,WSBCO,OVLY,NKSH,TCBIO,MSBIP,FITBP,BUSEP,MBNKO,DCOMP,VLYPN,MNSBP,ONBPO,HBANL,FITB,FITBI,UBSI,FLG,WSFS,ONBPP,GGAL,VLYPO,VLYPP,NIC,SRCE,CTBI,SUPV,HFWA,GSBC,MPB,SPFI,KRNY,CARE,USCB,CZNC,CBK,FINW,FVCB,MNSB,AFBI,TCBS,WAFDP,FCNCP,CCNEP,IBN,HBANM,FULTP,NEWTP,MTB,UMBF,ONB,ZION,IBOC,UCB,FHB,WSBC,CVBF,BUSE,CHCO,FCF,GABC,BY,FMBH,HBT,MBWM,CAC,IBCP,SMBC,FSBW,FNLC,FDBC,CFFI,HNVR,EBMT,PROV,UBCP,OZKAP,MBINL,CFBK,MBINM,FCNCO,HBAN,WAL,HBANP,CFR,PB,MBINN,FCNCA,SNV,HOMB,OZK,FULT,FBP,CBU,BBAR,TOWN,FFBC,BANR,NBTB,BBT,EFSC,MBIN,NBHC,HOPE,DCOM,WABC,PEBO,FMNB,BHB,PFIS,FFWM,VBNK,BSVN,FMAO,OPBK,BFIN,EFSCP,FITBO,SSB,GBCI,PRK,ZIONP,CBSH,FFIN,BANF,FRME,SYBT,CASH,LKFN,LOB,TFIN,FSUN,NBN,MCBS,FCBC,EGBN,WASH,GBFH,PGC,CBNK,NFBK,GCBC,MSBI,NEWT,NECB,CZFS,BCBP,UNB,PBHC,BYFC,FGBIP,INBK,BAFN"
80,Medical Instruments & Supplies,Healthcare,45,44,46,49,"ISRG,BDX,WST,HOLX,SOLV,BAX,STVN,MMSI,TFX,ICUI,WRBY,XRAY,LMAT,KMTS,STAA,EMBC,MHUA,KRMD,INFU,SMTI,UTMD,PDEX,DXR,NEPH,GCTK"
81,Shell Companies,Financial Services,44,58,53,35,"CCCXU,CCCX,CHACU,BACCU,BACQ,BEAG,CHAC,TVA,VCIC,DRDBU,HSPO,FVNNU,LOKVU,IPCXU,FERA,GRAF,BACC,GSRFU,DTSQ,ESHA,ASPC,TLNCU,HSPTU,ATIIU,HVII,NETD,WLAC,PCSC,CHAR,KVAC,SPKL,HSPT,CAPN,ATMC,PACHU,NETDU,CEPF,AAM,FTW,TLNC,KFII,GPAT,GIG,VACH,HYAC,SIMA,DRDB,SZZL,JACS,ATII,LPAA,AACB,LEGT,MACI,LCCCU,GSHR,MAYA,PGAC,FGMC,YHNA,FVN,ISRL,AFJK,TBMC,CCIIU,DMAA,MBVIU,LKSPU,HCMAU,OTGAU,KOYNU,CHPGU,BDCIU,GTERU,INACU,BCAR,ONCHU,SOUL,VNMEU,SSEAU,MKLYU,LATAU,EVAC,MBAV,CCII,TACH,HCMA,OYSE,PACH,MKLY,LOKV,GTERA,VNME,SOCA,IBAC,SPEG,INAC,PELI,ORIQ,UYSC,WTG,CRACU,CCIX,DMIIU,TACOU,EVOXU,DNMXU,ETHMU,TACO,CAEP,BDCI,IPCX,OTGA,CEPT,CEPV,KOYN,VACI,GSRF,CEPO,DNMX,DAAQ,DYOR,ETHM,ONCH,DYORU,LKSP,HAVAU,PCAPU,CEP,CHEC,YCY,LAFAU,MMTXU,ATMV,CHECU,CCCXW"
82,Internet Content & Information,Communication Services,44,37,37,47,"GOOGL,GOOG,META,SPOT,BIDU,TME,NBIS,ZG,Z,SNAP,BILI,BZ,MTCH,STUB,JOYY,DJT,ATHM,IAC,UPWK,WB,GENI,WSHP,WBTN,YELP,DJTWW,OPRA,MOMO,EVER,MAX,FVRR,SSTK,CARS,GRPN,PERI,JFIN,THRY,DOYU,IZEA,TZOO,SOGP"
83,Residential Construction,Consumer Cyclical,44,66,30,69,"DHI,LEN,PHM,TOL,IBP,TMHC,MTH,SKY,CVCO,KBH,MHO,TPH,GRBK,DFH,LGIH,HOV,BZH,LEGH"
84,Scientific & Technical Instruments,Technology,44,40,41,46,"GRMN,KEYS,TDY,TRMB,FTV,MKSI,CGNX,ESE,VNT,ST,ITRI,ITRN,VPG,MLAB,MIND,ACFN,LGL,WATT"
85,Building Materials,Basic Materials,43,48,41,48,"CRH,VMC,MLM,CX,JHX,EXP,KNF,USLM,TTAM,TGLS,LOMA,SMID"
86,Credit Services,Financial Services,42,54,34,42,"ATLCP,V,MA,SOFI,SYF,OMF,FCFS,SLM,CACC,SLMBP,UPST,ENVA,BFH,WU,AGM,FINV,NAVI,JCAP,ECPG,EZPW,ATLC,OPFI,WRLD,GDOT,PRAA,XYF,MFIN,CPSS,FOA,VRM"
87,Security & Protection Services,Industrials,42,27,24,31,"ADT,MSA,BCO,GEO,CXW,EVLV,MG,NL,SPCB,SUGP"
88,Software - Infrastructure,Technology,42,28,28,38,"MSFT,ORCL,CRWD,PANW,SNPS,NET,FTNT,ZS,XYZ,CRWV,MDB,VRSN,AFRM,CYBR,IOT,CHKP,TWLO,TOST,GDDY,GEN,KSPI,FFIV,KLAR,DOX,DBX,CFLT,PATH,GTLB,FOUR,WIX,WEX,OS,ACIW,ZETA,PAY,STNE,DOCN,VRNS,DLO,CALX,TENB,EEFT,PAGS,TDC,CSGS,PAYO,EVTC,PGY,PRGS,FLYW,EVCM,FIVN,GCT,VRNT,ATEN,YEXT,BTQ,CTLP,IIIV,SUPX,OWLS,AEVA,CGNT,OSPN,PRTH,IMXI,BAND,XNET,EXOD,TLS,PSFE,CCSI,ATGL,ARQQ,DAVA,CHOW,GRRR,PAYS,PDYN,TCX,DFDV,VHC,MLGO,TAOX,JG,KPLT"
89,Insurance - Life,Financial Services,41,72,41,40,"AFL,MFC,MET,PRU,UNM,GL,PRI,LNC,JXN,FG,BHF,GNW,ABL,CIA,BHFAN,BHFAO,BHFAP,BHFAM"
90,Farm & Heavy Construction Machinery,Industrials,40,53,32,43,"CAT,DE,PCAR,AGCO,OSK,TEX,LNN,KDK,ASTE,AEBI,TWI,HY,MTW,WNC,GENC"
91,Recreational Vehicles,Consumer Cyclical,40,34,42,59,"THO,DOOO,BC,HOG,LCII,WGO,MBUU,MCFT,MPX"
92,Railroads,Industrials,40,51,49,45,"UNP,CSX,WAB,TRN,GBX,FSTR"
93,Information Technology Services,Technology,39,45,47,37,"IBM,ACN,INFY,CTSH,FIS,LDOS,GIB,IT,CACI,JKHY,EPAM,PSN,G,GDS,EXLS,KD,INGM,VRRM,GLOB,BBAI,VNET,DXC,ASGN,INOD,VYX,NABL,MGIC,TASK,PENG,GDYN,HCKT,IBEX,TTGT,III,TSSI,CSPI,MGRT,WYY"
94,Beverages - Non-Alcoholic,Consumer Defensive,39,46,38,31,"KO,PEP,MNST,CCEP,KDP,KOF,CELH,PRMB,FIZZ"
95,Asset Management,Financial Services,38,46,41,38,"STT,PFG,IVZ,AB,HASI,FHI,DNP,NEA,CSQ,NAD,EXG,ADX,BBUC,PAX,SII,GAB,STEW,ETG,AAMI,BDJ,BSTZ,BXMX,BTT,CET,NBXG,HQH,ASA,CHY,HTD,FFC,THQ,VINP,NDMO,ASGI,STK,IIM,MMU,VGM,IQI,VCV,THW,HQL,ISD,NBB,CHW,HPI,ETB,DFP,NMAI,LEO,VKI,MYN,JRI,FOF,NAN,MIY,TWN,MHN,TEI,DSM,JOF,TDF,MXF,CAF,AEF,ACV,EOD,EMF,SSSS,HGLB,MPV,SWKH,FT,DMB,FLC,VTN,ECF,PFD,GLQ,KF,JHS,BCV,PFO,NIM,GNT,CEE,NMI,MLCI,FMN,IAE,CXH,MXE,FGNXP,UTG,GDV,TY,NAC,BST,GAM,BBN,ETW,BCX,NIE,NKX,TBLD,MUJ,EMD,BUI,GUT,DPG,ETO,FFA,EVN,SOR,EDD,NCV,HFRO,NCA,AGD,NCZ,FUND,GLO,ETX,GF,BANX,GGZ,GLU,ERH,IHD,PGP,GLV,CEV,EEA,BHV,ECCC,EICA,PDPA,OXLCP,STEP,JHG,JPC,PDO,ETV,NFJ,MUC,MEGI,MYI,VMO,LDP,MHD,VKQ,BFK,MVF,BGR,BFZ,AFB,BYM,JCE,EOT,IIF,PSF,MVT,LGI,MQT,MFM,MUE,VPV,PCQ,WHG,WEA,JLS,VLT,OXLCN,ECCF,VBF,EICC,OXLCO,HEQ,GDL,CCID,ETY,EIIA,SPMA,EICB,SPME,BX,KKR,BAM,ARES,OWL,TROW,TPG,CG,CRBG,ARCC,EQH,BEN,PDI,HLNE,OTF,BXSL,MAIN,FSK,VCTR,GBDC,HTGC,UTF,GOF,BUR,TSLX,KYN,GCMG,EVT,DBRG,USA,WT,ECAT,HYT,MSDL,BCAT,BTX,OXLC,DSL,JFR,FSCO,CSWC,CRF,EOS,EVV,FPF,MFIC,GSBD,TRIN,VRTS,KBDC,PTA,BTZ,NMFC,PDX,BBDC,BCSF,TYG,CGBD,PFLT,SLRC,PCN,CHI,EMO,MQY,EOI,ECC,JQC,WDI,PAXS,NCDL,FDUS,DLY,PFN,BHK,BTO,ACP,MSIF,PDT,FAX,ETJ,NMCO,IFN,DSU,PEO,CCD,GAIN,DIAX,EIM,WIW,BGB,CCAP,BGY,FTHY,GHY,GUG,TCPC,HPS,NML,MYD,KIO,GLAD,IGD,FINS,MCI,FRA,GBAB,MUA,EAD,PSBD,PFL,KTF,HPF,INV,ASG,EFR,ARDC,DHIL,SPXX,BGT,EIC,DXYZ,NBH,BGH,EFT,HRZN,CPZ,JGH,DBL,MMD,ERC,MCR,TPVG,HYI,FCT,LIEN,FTF,JRS,NHS,EARN,WIA,EHI,OPP,SRV,IDE,BCIC,WHF,SPE,MHF,BGX,GRX,EVG,IGA,MSD,NAZ,MPA,BWG,MRCC,DMO,BTA,VFL,MCN,JHI,PAI,IAF,PCF,NMT,CCIF,CGO,GECC,PDCC,IGI,EVF,VGI,GDO,PFX,DTF,HNNA,DMA,PCM,NMS,PGZ,JMM,FMY,GRF"
96,Specialty Retail,Consumer Cyclical,38,30,31,49,"TSCO,ULTA,WSM,CASY,DKS,BBY,GME,FIVE,MUSA,MNSO,BBWI,ASO,EYE,WINA,ARHS,SVV,BBW,BWMX,HZO,ONEW,CHPT"
97,REIT - Industrial,Real Estate,38,44,41,37,"PSA,EXR,EGP,LINE,CUBE,FR,STAG,TRNO,LXP,SMA,IIPR,ILPT,MDV"
98,REIT - Mortgage,Real Estate,38,70,48,40,"NLY,DX,ARR,EFC,ARI,ADAMN,ADAML,ADAMM,ADAMZ,STWD,BXMT,ABR,LADR,ORC,TWO,MFA,FBRT,TRTX,ADAM,IVR,KREF,ACRE,MITT,ACR,SUNS"
99,Travel Services,Consumer Cyclical,38,38,28,61,"ABNB,TCOM,CCL,EXPE,CUK,VIK,NCLH,MMYT,TNL,GBTG,TRIP,PRSU,LIND"
100,Rental & Leasing Services,Industrials,37,42,35,40,"URI,AER,FTAI,CAR,FTAIM,FTAIN,UHAL,GATX,HRI,WSC,MGRC,HTZ,CTOS,PRG,WLFC,VSTS"
101,Specialty Chemicals,Basic Materials,37,52,28,45,"LIN,SHW,ECL,IFF,SQM,DD,LYB,WLK,SOLS,NEU,EMN,ESI,BCPC,SXT,SSL,PRM,CBT,FUL,HWKN,WDFC,KWR,ASH,NGVT,MTX,CC,IOSP,ECVT,MATV,KOP,HDSN,FSI"
102,Insurance - Diversified,Financial Services,37,60,47,36,"ACGL,SLF,ACGLO,AEG,FIHL,IGIC,ACGLN,XZO"
103,Healthcare Plans,Healthcare,37,28,49,45,"UNH,CVS,ELV,CI,HUM,MOH,OSCR,PGNY"
104,Industrial Distribution,Industrials,37,45,27,45,"FERG,FAST,GWW,WSO,WCC,SITE,MSM,XMTR,DNOW,DXPE,DSGR,GIC,BXC,TITN,EVI"
105,Software - Application,Technology,35,32,30,33,"STRC,STRF,INTU,UBER,SNOW,ADSK,WDAY,DDOG,FICO,ZM,GRAB,SSNC,PTC,U,GWRE,PCOR,YMM,DAY,PEGA,IDCC,OTEX,LYFT,FROG,CWAN,SRAD,LIF,WK,SOUN,BILL,YOU,KC,GTM,DAVE,NATL,BTDR,SPNS,DBD,FSLY,JAMF,KARO,YALA,PRO,PDFS,PRCH,YB,WYFI,GLOO,DJCO,DOMO,CRNC,LAW,MITK,MTLS,EGAN,IMMR,ONTF,DUOT,IDN,MFI,ELWS,STRK,CRM,ADBE,ADP,MSTR,PAYX,TEAM,TYL,HUBS,FIG,DOCU,DT,BSY,MANH,PAYC,KVYO,TTAN,DUOL,PCTY,MNDY,ESTC,CHYM,DSGX,NICE,CVLT,CCC,BULL,NAVN,FRSH,INTA,VERX,SPSC,VIA,ASAN,NCNO,WRD,GRND,CXM,LSPD,PD,PAR,ADEA,DFIN,UPBD,MNTN,STRD,SMWB,DSP,DCBO,IBTA,SPT,OOMA,XPER,TRAK,ASUR,DMRC,AEYE,SSTI,ATHR,SOUNW"
106,Education & Training Services,Consumer Defensive,34,28,31,28,"EDU,TAL,GHC,LAUR,LOPE,MH,ATGE,LRN,STRA,PRDO,AFYA,UTI,DAO,UDMY,LINC,FC,LGCY,SKIL,STG,FEDU"
107,REIT - Diversified,Real Estate,34,57,44,33,"WPC,SQFTP,GOODN,VICI,ESRT,GNL,AAT,CTO,GOOD,OLP,FVR,MDRR"
108,Farm Products,Consumer Defensive,34,52,34,34,"ADM,FDP,CHSCM,CHSCN,CHSCL,CHSCO,TSN,BG,DOLE,CHSCP,CALM,VITL,AFRI,LMNR"
109,Tools & Accessories,Industrials,34,43,36,48,"SNA,LECO,SWK,TTC,TKR,KMT,HLMN,EML,CVR"
110,Oil & Gas E&P,Energy,33,67,40,39,"EOG,FANG,OXY,EQT,WDS,EXE,DVN,CTRA,TPL,PR,OVV,CRK,CHRD,MTDR,VIST,MUR,MGY,GPOR,CRC,CRGY,SM,TALO,MNR,VET,KRP,DMLP,HPK,VTS,GRNT,VTLE,TXO,TBN,GPRK,GFR,SJT,INR,CRT,MXC"
111,Beverages - Brewers,Consumer Defensive,32,62,44,10,"BUD,FMX,STZ,TAP,CCU"
112,Restaurants,Consumer Cyclical,30,51,32,29,"MCD,YUM,DRI,YUMC,DPZ,TXRH,WING,EAT,CAVA,CHA,CAKE,WEN,ARCO,FWRG,HDL,BH,CBRL,KRUS,DIN,VENU,NATH,JACK,PTLO,LOCO,DENN,MB,BDL,ARKR"
113,Building Products & Equipment,Industrials,30,29,27,31,"TT,JCI,CARR,LII,CSL,MAS,WMS,SPXC,AAON,FBIN,LPX,TREX,GFF,ARLO,JBI,SWIM,LMB"
114,Financial Data & Stock Exchanges,Financial Services,30,55,23,23,"SPGI,ICE,MCO,NDAQ,MSCI,CBOE,TRU,FDS,MORN,VALU,MKTW"
115,REIT - Retail,Real Estate,30,62,40,34,"SPG,KIM,ADC,FRT,EPRT,KRG,PECO,MAC,SKT,UE,FCPT,CURB,IVT,GTY,BFS,CBL,WSR,SITC,WHLRD"
116,REIT - Office,Real Estate,30,36,25,30,"BXP,ARE,VNO,KRC,CUZ,SLG,HIW,DEI,ESBA,FISK,PGRE,JBGS,DEA,PDM,PSTL,NLOP"
117,"Furnishings, Fixtures & Appliances",Consumer Cyclical,29,46,35,44,"SN,MHK,WHR,PATK,HNI,TILE,LZB,MBC,LEG,MLKN,ETD,XWIN,HBB,FLXS,LOVE,HOFT,KEQU,VIRC,FGI"
118,Utilities - Regulated Water,Utilities,29,29,39,28,"WTRG,CWT,HTO,MSEX,CWCO,YORW,ARTNA,PCYO,GWRS"
119,Publishing,Communication Services,29,41,33,29,"PSO,WLY,WLYB,TDAY"
120,Broadcasting,Communication Services,28,26,10,37,"TGNA,NMAX"
121,Waste Management,Industrials,28,44,22,25,"WM,WCN,GFL,CWST,MEG,PESI,LNZA,GWAV"
122,Packaging & Containers,Consumer Cyclical,28,40,19,28,"IP,SW,BALL,CCK,GPK,SLGN,SON,GEF,TRS,MYE,KRT"
123,Chemicals,Basic Materials,28,37,25,31,"DOW,CE,MEOH,HUN,GPRE,WLKP,ASPI,LXU,ASIX,VHI,ACNT"
124,Auto & Truck Dealerships,Consumer Cyclical,27,37,14,23,"CVNA,PAG,LAD,KMX,GPI,ABG,BGSI,VVV,CARG,KAR,DRVN,MCW,ACVA,CWH,KFS,CRMT"
125,Specialty Business Services,Industrials,27,48,29,26,"CTAS,TRI,GPN,ULS,ARMK,DLB,MMS,UNF,ABM,CBZ,FA,TIC,LZ,BV,TH,KODK,CASS,TRNS,THH,SPIR,BUUU,DLHC,TISI,WFCF,SMX"
126,Grocery Stores,Consumer Defensive,27,44,25,19,"KR,ACI,WMK,IMKTA,GO,NGVC,VLGEA"
127,Packaged Foods,Consumer Defensive,27,52,32,32,"KHC,K,GIS,MKC,JBS,HRL,SJM,CAG,LW,INGR,DAR,MZTI,FRPT,FLO,CENT,SMPL,CENTA,JJSF,HLF,THS,JBSS,UTZ,MAMA,OTLY,LWAY,USNA,NATR,FTLF,BHST,LFVN"
128,Consulting Services,Industrials,26,27,30,27,"VRSK,EFX,BAH,FCN,HURN,DGNX,ICFI,CRAI,FORR,FOFO"
129,REIT - Residential,Real Estate,26,71,32,24,"EQR,ESS,INVH,SUI,MAA,UDR,ELS,CPT,MRP,IRT,VRE,ELME,UMH,CSR,BHM"
130,REIT - Specialty,Real Estate,24,40,30,22,"LANDO,LANDP,EQIX,DLR,CCI,IRM,WY,LAMR,GLPI,EPR,OUT,PCH,UNIT,FPI,LANDM,LAND"
131,Home Improvement Retail,Consumer Cyclical,21,38,25,31,"HD,LOW,FND,HVT,TTSH,LIVE"
132,Agricultural Inputs,Basic Materials,20,32,16,15,"CTVA,CF,MOS,ICL,SMG,FMC,UAN,IPI"
133,Footwear & Accessories,Consumer Cyclical,20,34,12,23,"NKE,ONON,DECK,CROX,WWW,FWDI,WEYS"
134,Household & Personal Products,Consumer Defensive,19,30,16,18,"PG,UL,KMB,EL,KVUE,CHD,ELF,IPAR,SPB,EPC,YSG,HELE,ACU,UG"
135,Advertising Agencies,Communication Services,17,30,22,25,"TTD,OMC,IPG,WPP,MGNI,DV,IAS,STGW,ZD,CRTO,NEXN,ACCS,TC"
136,Staffing & Employment Services,Industrials,15,41,19,17,"KFY,TNET,MAN,HSII,BBSI,KFRC,KELYA,TBI,HQI,MHH"
137,Personal Services,Consumer Cyclical,15,22,12,11,"BFAM,HRB,FTDR,CSV,WW,MED"
138,Business Equipment & Supplies,Industrials,14,83,20,14,EBF
139,Paper & Paper Products,Basic Materials,14,72,57,34,"SUZ,SLVM,MAGN"
140,Trucking,Industrials,14,44,23,20,"XPO,KNX,TFII,SNDR,WERN,MRTN,HTLD,CVLG,ULH,PAMT"
141,Lumber & Wood Production,Basic Materials,11,47,12,20,"SSD,UFPI,WFG,BCC"
142,Gambling,Consumer Cyclical,9,50,16,20,"FLUT,DKNG,CHDN,ACEL,INSE,GAMB"
143,Insurance Brokers,Financial Services,8,54,17,8,"MMC,WTW,ERIE,CRVL,ARX,GSHD,BWIN,TWFG,KG"
144,Beverages - Wineries & Distilleries,Consumer Defensive,4,18,5,5,"DEO,MGPI,IPST"
