Rank,Industry,Sector,Relative Strength,Relative Strength Percentile,1 Month Ago,3 Months Ago,6 Months Ago,Ticker
1,Uranium,Energy,156.37,99,139.89,89.0,89.52,"LEU,UUUU,CCJ,UEC,NXE,ISOU"
2,Computer Hardware,Technology,154.64,99,147.3,129.02,141.02,"RGTI,UMAC,RCAT,IONQ,OSS,STX,WDC,ANET,SMCI,CRSR,SSYS,SNDK,DELL,LOGI,ALOT,PSTG,CRCT,NTAP,QMCO,HPQ"
3,Electrical Equipment & Parts,Industrials,141.31,98,126.47,105.34,121.65,"TGEN,AMPX,LTBR,RFIL,BE,NEOV,EOSE,ESP,ENVX,ULBI,VRT,AEIS,POWL,NVT,HAYW,HUBB,AYI,KE,PLPC,ENS,ENVXW,ATKR,FCEL,IPWR,ADSE,ENR,STI"
4,Capital Markets,Financial Services,140.49,97,115.55,122.54,136.26,"CRCL,BMNR,BTM,BTCS,HOOD,DOMH,IREN,FUTU,TIGR,IBKR,CIFR,RIOT,GLXY,COHN,SNEX,PJT,LPLA,GS,HUT,SCHW,EVR,VIRT,OPY,MRX,WULF,ETOR,MS,LAZ,HLI,FRGE,SF,PIPR,NMR,MC,CLSK,TW,BGC,PWP,XP,JEF,MARA,SOS,MKTX,NCTY,SRL,AMRK,CNCK"
5,Gambling,Consumer Cyclical,137.98,97,110.17,100.32,106.7,"SBET,SGHC,FLUT,RSI,DKNG,CDRO,ACEL,INSE,LNW,CHDN,GAMB,BRSL"
6,Utilities - Independent Power Producers,Utilities,136.9,96,133.3,126.45,149.54,"TLN,NRG,KEN,VST,TAC,PAM"
7,Internet Retail,Consumer Cyclical,136.57,95,127.21,120.21,110.68,"NEGG,TDUP,OCG,BYON,W,SE,DASH,CPNG,EBAY,ETSY,BABA,CART,MELI,AMZN,VIPS,CHWY,PDD,JD,WBUY,RVLV,LQDT,JFBR,GLBE,QVCGP"
8,Other Precious Metals & Mining,Basic Materials,130.94,95,121.83,125.46,100.89,"SBSW,SLSR,PPTA,MUX,TFPM,BVN,HL"
9,Solar,Technology,129.26,94,99.7,91.61,70.17,"VVPR,SEDG,NXT,FTCI,SHLS,JKS,CSIQ,RUN,ARRY,FSLR,ENPH"
10,Metal Fabrication,Industrials,126.3,93,123.26,112.31,108.2,"MTEN,ATI,CRS,CMPO,WOR,TG,MLI,IIIN,ESAB,PRLB,GIFI,MEC,RYI"
11,Engineering & Construction,Industrials,125.52,93,124.26,100.3,113.72,"PHOE,ONEG,MSGY,WLDN,TPC,MIMI,AGX,STRL,IESC,MYRG,DY,BWMN,MTZ,ECG,PRIM,FIX,APG,PWR,EME,ROAD,STN,FLR,MTRX,FER,NVEE,ORN,GVA,AMRC,ACM,GLDD,J,BLD,BBCP,ESOA,TTEK,ACA,CDLR,VATE,EXPO,KBR"
12,Consumer Electronics,Technology,124.88,92,86.2,93.37,94.88,"ZEPP,AXIL,SONY,FOXX,TBCH,SONO,AAPL,KOSS,UEIC"
13,Pollution & Treatment Controls,Industrials,124.71,91,116.06,85.34,105.47,"ADUR,PCT,CECO,FSS,ARQ,ZWS,VLTO,ERII"
14,Silver,Basic Materials,124.64,91,125.78,105.4,102.35,"MAG,EXK,AG"
15,Airports & Air Services,Industrials,123.91,90,110.25,112.12,102.82,"JOBY,OMAB,PAC,CAAP,ASR,ASLE"
16,Other Industrial Metals & Mining,Basic Materials,123.26,89,104.33,110.86,96.67,"TMC,MP,IPX,SKE,CMP,NVA,BHP,USAR,VALE,RIO,MTRN,USGO,PLL,NEXM,ATLX,TECK,LITM,NEXA,SGML"
17,Aerospace & Defense,Industrials,123.08,88,122.25,114.2,125.51,"RKLB,PL,ISSC,KTOS,DPRO,ACHR,EVEX,OPXS,ATRO,ESLT,HWM,LUNR,AVAV,KRMN,RDW,TATT,AXON,DCO,DRS,CW,WWD,GE,TGI,BYRN,BA,CAE,HEI,RTX,PKE,AIR,EH,VSEC,MRCY,NPK,BWXT,ERJ,EVTL,LHX,NOC,SPR,TDG,HII,GD,CODA,HXL,TXT,POWWP,SARO,AIRO,CDRE,LOAR,VVX,RGR,LMT,VOYG,SWBI,PEW"
18,Electronic Components,Technology,119.66,88,118.25,107.25,110.66,"NEON,OUST,CLS,TTMI,ALNT,JBL,APH,KULR,FLEX,LINK,TEL,BELFB,FN,OSIS,SANM,GLW,DAKT,BELFA,ELTK,LYTS,KN,LFUS,RELL,VICR,OLED,BHE,CTS,PLXS,MPTI,ROG,MEI,GAUZ,HOLO"
19,Luxury Goods,Consumer Cyclical,118.51,87,106.52,101.28,144.85,"SORA,TPR,REAL,SIG,LUXE,ELA,MOV,CPRI"
20,Communication Equipment,Technology,117.75,86,122.21,117.01,129.04,"ASTS,COMM,TSAT,AAOI,FEIM,UI,LITE,BKTI,BOSC,GILT,VSAT,CIEN,EXTR,CLFD,ADTN,CSCO,NTGR,BDC,DGII,AVNW,ZBRA,HPE,VIAV,SILC,AUDC,MSI,ERIC,AIRG,HLIT,INSG,CLRO"
21,Software - Infrastructure,Technology,116.79,86,119.13,112.98,120.09,"AEVA,ARQQ,TAOX,CRWV,PDYN,PGY,PAYS,PLTR,VHC,GRRR,ATGL,JG,ZENA,NET,SUPX,AISP,RBRK,ALLT,ODD,AMBR,TWLO,ORCL,BKKT,AFRM,NYAX,TOST,CALX,NN,ZS,BASE,CTLP,KPLT,VRSN,CORZ,YEXT,MQ,CRWD,RDWR,AVPT,GCT,FFIV,FTNT,MSFT,SNPS,FOUR,EXOD,CSGS,NTNX,DLO,XYZ,ATEN,GEN,CYBR,IIIV,GB,RAMP,VRNS,TCX,STNE,CHKP,PANW,ALAR,INFA,CFLT,CGNT,BOX,MDB,NTCT,WEX,OKTA,PAY,EVCM,AVDX,QLYS,EEFT,SAIL,KVYO,DOX,CCSI,DBX,CPAY,AI,PRTH,PATH,EVTC,OS,VRNT,SANG,RELY,BAND,OSPN,GDDY,BLZE,ZETA,FLYW,FIVN,PAYO,CINT,APPN,ACIW,S,IOT,ARAI,AKAM,GTLB,PAGS,TENB,WIX,PRGS,RPAY,KSPI,DOCN,TDC,CLBT,SNCR,PSFE,RPD,FATN,DAVA,IMXI,MLGO"
22,Semiconductors,Technology,115.94,85,113.69,88.55,102.64,"ALMU,NVTS,CRDO,LASR,WKEY,ALAB,POET,PXLW,AVGO,ALGM,GSIT,NVDA,SMTC,SIMO,AMD,TSM,HIMX,MCHPP,MXL,RMBS,SKYT,MTSI,MU,SLAB,AIP,ARM,MCHP,SITM,TSEM,MRAM,ASX,ON,ADI,UMC,VSH,QRVO,NXPI,MRVL,MPWR,TXN,STM,LSCC,GFS,DIOD,AOSL,PI,INTC,QCOM,SYNA,CRUS,IMOS,QUIK,NVEC,SWKS,CEVA,POWI"
23,Gold,Basic Materials,115.5,84,128.15,137.24,99.24,"CNL,CMCL,SSRM,ORLA,ARMN,AU,AAUC,CDE,USAU,SAND,KGC,WPM,IDR,OR,NG,AEM,GFI,FSM,CTGO,IAG,NEM,PAAS,SA,DRD,HMY,AGI,EGO,B,FNV,CGAU,EQX,AUGO,RGLD,BGL,NAMM"
24,Education & Training Services,Consumer Defensive,115.21,84,128.66,116.79,115.86,"QSG,LGCY,COE,STG,FEDU,LINC,DAO,APEI,UTI,LRN,LAUR,ATGE,PRDO,COUR,LOPE,GHC,TAL,UDMY,STRA,AFYA,EDU,SKIL,FC,KLC"
25,Coking Coal,Basic Materials,114.63,83,77.71,84.85,72.37,"METC,METCB,HCC,SXC,AMR"
26,Consulting Services,Industrials,114.55,82,120.17,86.1,129.61,"DGNX,HURN,VRSK,CRAI,EFX,FCN,EGG,BAH,FORR,ICFI,RGP"
27,Publishing,Communication Services,113.64,82,85.34,96.16,95.14,"DALN,SCHL,NYT,PSO,WLY,LEE"
28,Tobacco,Consumer Defensive,113.46,81,120.57,128.9,112.75,"TPB,BTI,PM,MO,UVV"
29,Credit Services,Financial Services,113.4,80,123.35,121.68,128.76,"SEZL,XYF,SOFI,UPST,LX,FOA,OPRT,OPFI,FINV,SYF,SLM,COF,ENVA,WRLD,BFH,OMF,V,GDOT,QFIN,AXP,NNI,ATLC,YRD,PYPL,MA,MFIN,RWAY,ALLY,EZPW,FCFS,OMCC,SLMBP,CACC,NAVI,RM,ATLCP,CPSS,ANTA,ECPG,AGM,JCAP,WU,PRAA,PMTS"
30,Internet Content & Information,Communication Services,113.17,79,116.14,109.9,105.34,"AREN,SOGP,GRPN,NBIS,JFIN,TME,RDDT,SPOT,BMBL,CMCM,BILI,JOYY,MOMO,BZ,LCFY,META,PERI,Z,GENI,RUM,ZG,PINS,WB,VBIX,EVER,OPRA,GOOGL,GOOG,IAC,UPWK,MTCH,BIDU,ATHM,FVRR,ANGI,UPXI,SNAP,YELP,MAX,NRDS,DJTWW,DOYU,CARS,WBTN,TZOO,SSTK,SCOR,THRY,DJT,SLE"
31,Banks - Diversified,Financial Services,113.06,79,112.08,112.85,105.72,"SAN,C,BCS,BK,HSBC,ING,BBVA,TD,MUFG,JPM,CM,WFC,UBS,BMO,SMFG,NTB,BAC,BNS,RY"
32,Entertainment,Communication Services,112.85,78,112.62,110.62,114.13,"CNVS,AENT,WBD,LLYVK,LLYVA,STRZ,NFLX,IMAX,ROKU,SPHR,DIS,LYV,FOXA,FOX,TKO,PLAY,FWONK,FWONA,PARA,MANU,BATRA,BATRK,MCS,RDIB,NWS,NWSA,CNK,RSVR,PARAA,WMG,MSGS,SIRI,BREA,AMCX"
33,Advertising Agencies,Communication Services,112.15,77,99.6,102.54,119.98,"TZUP,SDM,APP,MGNI,NEXN,ACCS,LDWY,EEX,TTD,KRKR,IAS,IPG,OMC,QNST,TSQ,STGW,NCMI,ZD,WPP,CRTO"
34,Auto Parts,Consumer Cyclical,112.0,77,100.74,92.88,95.13,"HSAI,QS,STRT,CPS,MPAA,AAP,ADNT,GTX,DAN,SRI,VC,ALV,ORLY,SMP,PLOW,BWA,AZO,APTV,LEA,MGA,GT,PHIN,FOXF,DORM,GPC,ATMU,XPEL,THRM,MBLY,MOD,ALSN,GNTX,MNRO,MLR,LKQ"
35,Health Information Services,Healthcare,110.9,76,112.27,100.75,105.15,"SY,CTEV,OPRX,LFMD,STRM,CCLDO,DOCS,VEEV,TBRG,BTSG,TEM,BTSGU,HNGE,WAY,TXG,PHR,SPOK,HQY,LFMDP,PINC,CARL,GEHC,SDGR,TDOC,AMWL,NRC,PRVA,GDRX,HSTM,OMCL,OMDA,CERT,EVH,WEAV,ACON,SLP"
36,Airlines,Industrials,110.89,75,96.47,86.16,124.26,"SRFM,LTM,RYAAY,UAL,SKYW,CPA,LUV,DAL,ALK,SNCY,AAL,ALGT,VLRS"
37,Specialty Industrial Machinery,Industrials,110.87,75,108.46,98.62,110.94,"PSIX,SMR,GEV,SYM,AMSC,NNE,GHM,HUHU,MIR,XMTR,GTES,ROK,EMR,NPO,JBTM,SERV,TAYD,WTS,CR,ETN,PH,CMI,RRX,GTLS,HURC,ATS,GNRC,ITT,MIDD,PNR,CXT,KRNT,FLS,XYL,ITW,MWA,AME,AOS,DOV,GGG,HLIO,NDSN,LXFR,DCI,KAI,GRC,SXI,IR,THR,TNC,TWIN,FELE,IEX,OTIS,EPAC,OFLX,CSW,HI,PKOH"
38,Biotechnology,Healthcare,110.66,74,103.42,95.14,97.49,"DRUG,DBVT,MNPR,QNTM,CDTX,HYPD,VIGL,SGMT,PVLA,TNGX,ATHE,VRNA,MEIP,INKT,AMLX,AAPG,ARTL,KOD,NAGE,TVRD,TNXP,FULC,ATYR,TRVI,SANA,ELTX,COGT,EPRX,XCUR,ACOG,SCPH,NEUP,ADPT,PTHS,INBX,ABCL,VERV,SRRK,NKTR,NBTX,MTSR,AVXL,CVAC,AGEN,TIL,PULM,KZIA,ORIC,COEP,ZVRA,AKRO,URGN,DNA,RYTM,SLDB,FENC,XERS,GHRS,SLNO,MESO,ALDX,ATRA,KALA,CRSP,SLGL,MAZE,LQDA,QURE,EXEL,BBIO,ICCC,ACAD,INSM,ASMB,OCUL,MGTX,MRUS,ZLAB,PHAT,MNMD,ONC,CRMD,FBRX,ZBIO,TERN,NAMSW,NTRB,ETNB,SMMT,RZLT,SPRY,CRVO,KALV,EYPT,RAPT,ARQT,ALNY,TENX,PTGX,RIGL,LENZ,TGTX,PBM,CORT,AUPH,MLTX,MIRM,SEPN,IRON,NAMS,LGND,VALN,AARD,RPRX,CADL,ABEO,STOK,IONS,FHTX,ASND,TBPH,CING,MENS,KYMR,ITOS,CNTA,PRAX,GLPG,PHAR,MDWD,ANAB,DMAC,RAPP,HRMY,ZYME,PHVS,GLUE,INCY,LEGN,MLYS,AGIO,PTCT,BLTE,IMNM,NGNE,CELC,SLN,AXSM,LYRA,IMCR,NTLA,VRDN,UPB,SION,OCS,PRTG,VSTM,GMAB,SAGE,LIMN,CAI,JAZZ,MDGL,TARS,HALO,BNTC,BNTX,ALGS,ARGX,CSBR,ACLX,FBIOP,MCRB,TRML,ROIV,INVA,IMTX,TVTX,PRTC,SPRC,WVE,ADXN,XOMAO,IDYA,ELVN,MBX,NUVL,XOMAP,ENTA,ADMA,COYA,CPRX,VRTX,XOMA,APGE,MDXG,EXOZ,AURA,PLUR,NVCT,CGON,VKTX,CLDX,AVTX,ORKA,RGNX,RNA,RXRX,GLSI,TECH,AVBP,DNTH,ARWR,ATXS,ARCT,CYBN,SRZN,IMVT,TECX,BEAM,BMRN,RVMD,CVKD,RCUS,VCEL,RNAC,KRYS,SYRE,APLS,SER,MRNA,NVAX,TLX,ACTU,CYTK,THRD,LYEL,QNRX,REGN,XENE,CGEM,KROS,TYRA,CRNX,VERA,VIR,CRBP,CTNM,DNLI,SNSE,BCAX,NRIX,EWTX,FOLD,KURA,FGEN,APLM,DAWN,BCYC,AIM,GYRE,BOLT,JANX,PCVX,NXTC,GPCR,FTRE,RARE,SNDX,CAPR,XNCR,PASG,TPST,DYN,KRRO,CBIO,ARVN,TRDA,BIVI,CVM,PRTA,INDP,BHVN,RNAZ,CLRB,CNSP,CYCC,CERO,SRPT,JBIO"
39,Software - Application,Technology,110.34,73,111.26,106.24,114.78,"PRCH,MFI,DAVE,KC,OCFT,AZ,BLBX,DOMO,ALTS,IDN,APPS,YB,LIF,CRNC,OLO,SRAD,NUKK,CCRD,DUOT,INUV,U,SOUN,YALA,MSTR,ATHR,SNOW,SHOP,PEGA,AMPL,IDCC,BTDR,RDVT,QXO,STRK,VERB,DBD,INTU,DDOG,GRAB,AGYS,BSY,DUOL,GRND,FROG,UBER,PAYC,STRF,GWRE,INLX,PTC,YMM,VTSI,BULL,KARO,YOU,EGAN,CDNS,SAP,SSNC,DFIN,CXM,LYFT,GTM,PAR,CVLT,DT,MNDY,QTWO,PCOR,MNTN,BL,APPF,ADSK,ADEA,RSKD,DOCU,ADP,NOW,TTAN,NCNO,PCTY,LSPD,ZM,PAYX,FRSH,VTEX,OTEX,ULY,STRD,DSP,OOMA,ASUR,TYL,SMWB,FSLY,ROP,MANH,MITK,DAY,DSGX,WDAY,UPBD,NICE,CHYM,ESTC,ASAN,WRD,PDFS,ALRM,CCCS,DV,CRM,HUBS,PUBM,TEAM,XPER,DJCO,SPNS,MTLS,RNG,NATL,ONTF,SSTI,ALIT,BLKB,CWAN,TRAK,IMMR,PLUS,ALKT,ADBE,MLNK,WK,BIGC,DCBO,BRZE,PD,BILL,FICO,INTA,SPSC,VERX,AEYE,CYN,PRO,SEMR,SPT,IBTA,DMRC,JAMF"
40,Travel Services,Consumer Cyclical,109.67,73,99.76,97.72,120.24,"RCL,CUK,CCL,VIK,TNL,BKNG,LIND,EXPE,TRIP,NCLH,TCOM,ABNB,MMYT,GBTG,PRSU"
41,Auto Manufacturers,Consumer Cyclical,107.75,72,103.04,99.87,87.79,"CYD,FLYE,XPEV,ZK,LI,RACE,TSLA,RIVN,HMC,GM,F,TM,VLCN,STLA,AYRO"
42,Information Technology Services,Technology,107.26,71,108.36,106.09,107.55,"TSSI,BBAI,VNET,GDS,APLD,INOD,MGIC,FORTY,IBEX,PONY,SAIH,PENG,WNS,VYX,KD,DTST,IBM,TASK,CNXC,BR,TTEC,AUR,G,LDOS,JKHY,CACI,CTSH,EXLS,INGM,FIS,VRRM,CDW,PSN,LZMH,GIB,SAIC,XRX,EPAM,NABL,INFY,HCKT,ACN,DXC,ASGN,FI,IT,CSPI,GDYN,ARBB,TTGT,GLOB,DAIC"
43,Medical Care Facilities,Healthcare,106.66,71,92.82,92.51,94.8,"NAKA,NUTX,AIRS,BKD,FMS,HCSG,EHC,THC,MD,ENSG,AMED,CCM,GRDN,JYNT,SNDA,HCA,DVA,ADUS,OPCH,CCRN,USPH,NHC,CON,SGRY,EHAB,AUNA,CHE,PNTG,UHS,SEM,PACS,ARDT,AMN,ACHC,PIII,ASTH"
44,Utilities - Renewable,Utilities,106.2,70,95.75,93.13,91.68,"WAVE,ENLT,CEG,FLNC,STEM,BEPC,ELLO,ORA,RNW,CWEN,BEP,EBR,XIFR,HTOO"
45,Aluminum,Basic Materials,106.16,69,90.74,84.5,83.38,"CENX,KALU,CSTM,AA"
46,Electronic Gaming & Multimedia,Communication Services,106.03,68,104.55,95.54,88.74,"RBLX,SKLZ,NTES,SOHU,TTWO,EA,GRVY,GDEV,DDI,TRUG"
47,Farm & Heavy Construction Machinery,Industrials,105.96,67,100.18,92.02,102.74,"AGFY,REVG,MTW,OSK,TWI,CAT,ALG,DE,AGCO,VAPE,CNH,ASTE,TEX,BLBD,LNN,PCAR,GENC,AEBI,HY,WNC,CMCO,TLIH"
48,Financial Conglomerates,Financial Services,105.96,67,71.39,81.56,74.56,"FRHC,RILYL,RILYP,RILY,IX,VOYA,HTH,TREE"
49,Restaurants,Consumer Cyclical,105.65,66,102.08,101.31,107.1,"MB,RRGB,VENU,BH,PBPB,YOSH,CAKE,CBRL,SHAK,EAT,BDL,KRUS,BROS,YUMC,CNNE,DRI,BJRI,NATH,PZZA,TXRH,SBUX,WING,YUM,QSR,HDL,DPZ,MCD,LOCO,PTLO,FWRG,DIN,ARCO,RICK,BLMN,CMG,CAVA,ARKR,CHA,WEN,JACK,SG"
50,Beverages - Wineries & Distilleries,Consumer Defensive,104.97,66,167.8,96.38,115.24,"EPSM,DEO,MGPI,AMZE"
51,Footwear & Accessories,Consumer Cyclical,104.78,65,90.56,87.56,114.14,"FORD,FMFC,WWW,RCKY,NKE,ONON,SKX,WEYS,BIRK,CROX,SHOO,DECK"
52,Rental & Leasing Services,Industrials,104.36,64,104.6,98.61,101.44,"CAR,HTZ,ALTG,CTOS,AL,R,URI,AER,GATX,MGRC,HRI,FTAIM,WLFC,FTAI,FTAIN,PRG,WSC,UHAL,VSTS"
53,Agricultural Inputs,Basic Materials,103.92,64,112.06,106.09,98.7,"MOS,IPI,ICL,CTVA,NTR,CF,UAN,SMG,FMC"
54,Confectioners,Consumer Defensive,103.87,63,95.03,103.62,78.79,"TR,MDLZ,HSY"
55,Department Stores,Consumer Cyclical,103.85,62,74.83,64.9,81.2,"DDS,KSS,M"
56,Utilities - Regulated Electric,Utilities,103.46,62,108.01,114.66,99.74,"OKLO,KEP,GNE,TXNM,ETR,EMA,ELP,ELPC,VIASP,CNP,IDA,XEL,WEC,AEE,EVRG,ES,PPL,FTS,CEPU,LNT,DTE,D,SO,NGG,AEP,OGE,EXC,CMS,PEG,DUK,PNW,NEE,ED,HE,FE,EDN,MGEE,NWE,POR,EIX,PCG"
57,Copper,Basic Materials,102.89,61,100.09,87.44,72.89,"IE,HBM,MTAL,FCX,SCCO,ERO"
58,Financial Data & Stock Exchanges,Financial Services,101.62,60,106.02,98.55,97.85,"COIN,MKTW,NDAQ,CBOE,CME,ICE,MCO,TRU,SPGI,MSCI,FDS,MORN,VALU,DNB"
59,Industrial Distribution,Industrials,101.61,59,97.11,94.38,97.74,"DXPE,EVI,REZI,CNM,FAST,WCC,TITN,FERG,AIT,MSM,DNOW,GIC,WSO,GWW,POOL,SITE,DSGR,BXC"
60,Oil & Gas Refining & Marketing,Energy,100.92,59,96.25,84.57,81.71,"PARR,DK,CVI,DINO,MPC,DKL,VLO,WKC,PSX,CAPL,PBF,SGU,SUN,DLXY,IEP"
61,Resorts & Casinos,Consumer Cyclical,100.31,58,92.9,85.19,88.18,"MLCO,MCRI,HGV,WYNN,BYD,LVS,VAC,RRR,MGM,PENN,MTN,GDEN,CPHC,CZR,BALY"
62,Diagnostics & Research,Healthcare,99.49,57,99.01,103.14,115.53,"PRPO,BNR,XGN,GRAL,PSNL,PRE,MEDP,GH,WGS,IDXX,LH,QGEN,CRL,NDRA,FONR,DGX,IQV,ILMN,NTRA,MTD,ICLR,A,FLGT,RDNT,STRRP,RVTY,EXAS,SHC,TMO,DHR,WAT,TWST,VCYT,CSTL,CDNA,NEOG,NEO,APDN"
63,Security & Protection Services,Industrials,99.36,57,108.46,102.79,112.08,"EVLV,SPCB,ALLE,ADT,CXW,GEO,MSA,BRC,BCO,KSCP,NSSC,CIX,NL,MG"
64,Scientific & Technical Instruments,Technology,99.3,56,101.55,97.19,102.44,"MIND,ESE,TRMB,ITRN,COHR,ITRI,GRMN,TDY,LGL,ST,VPG,VNT,KEYS,MKSI,CGNX,FTV,BMI,NOVT,ASTC,MLAB"
65,Thermal Coal,Energy,99.14,55,98.08,111.97,95.65,"HNRG,NC,ARLP,BTU,NRP,CNR"
66,Auto & Truck Dealerships,Consumer Cyclical,99.12,55,103.09,101.72,114.35,"CANG,KFS,CVNA,KAR,SAH,AN,DRVN,CARG,GPI,PAG,LAD,RUSHB,CRMT,CWH,RUSHA,ABG,VVV,MCW,ACVA,KMX,VRM,GORV"
67,Discount Stores,Consumer Defensive,98.93,54,106.53,109.56,99.32,"DLTR,OLLI,DG,WMT,PSMT,BJ,COST,TGT,TBBB"
68,Telecom Services,Communication Services,98.84,53,99.26,104.2,91.47,"GOGO,SIFY,VEON,TIGO,TDS,SATS,LBRDA,LBRDK,KT,IDT,VOD,RDCM,GSAT,T,VIV,SNRE,TIMB,CXDO,TEF,CHT,RCI,USM,CHTR,SHEN,AMX,TMUS,GLIBK,TU,FYBR,GLIBA,LBRDP,KVHI,VZ,SKM,TEO,TLK,CMCSA,LILAK,IRDM,PHI,LILA,BCE,ATNI,TKC,CCOI,LBTYK,LBTYA,IQST,ATEX,CABO"
69,Packaged Foods,Consumer Defensive,98.61,53,89.71,94.66,95.42,"DDC,SENEA,BHST,KLG,HLF,LSF,MAMA,LWAY,LFVN,OTLY,SFD,CENTA,NATR,CENT,K,WEST,DAR,INGR,PPC,UTZ,NOMD,MZTI,USNA,POST,JBS,SJM,HRL,MKC,SMPL,LW,KHC,FTLF,BRID,GIS,JBSS,FLO,CPB,BRBR,JJSF,CAG,THS,FRPT"
70,Household & Personal Products,Consumer Defensive,98.16,52,95.29,85.72,90.16,"YSG,HIMS,NUS,ELF,EL,ACU,KVUE,EWCZ,UL,IPAR,PG,NWL,CHD,KMB,CL,UG,CLX,SPB,EPC,COTY,HELE"
71,Oil & Gas Equipment & Services,Energy,98.13,51,93.27,87.89,108.18,"FTK,SEI,NEXT,GEOS,ACDC,OIS,FTI,NPKI,NCSM,FET,BKR,EFXT,NGS,VAL,TS,VTOL,MRC,OII,LSE,INVX,TDW,USAC,LB,AROC,RNGR,OMSE,NOV,WFRD,WTTR,WHD,KGS,NOA,PUMP,SLB,HAL,CLB,NESR,LBRT,FLOC,AESI,XPRO,HLX"
72,Building Products & Equipment,Industrials,98.04,51,94.31,87.26,96.13,"PPIH,LMB,ARLO,JCI,GMS,SWIM,TT,AWI,SPXC,CARR,GFF,LII,JLHL,JBI,ROCK,CSL,TREX,MAS,LPX,BLDR,WMS,NX,OC,FBIN,ASPN,APOG,AAON,JELD"
73,Medical Distribution,Healthcare,97.67,50,102.69,101.88,97.88,"CAH,MCK,COR,HSIC,OMI"
74,Beverages - Non-Alcoholic,Consumer Defensive,97.64,49,97.64,107.45,96.18,"CELH,STKL,CCEP,COCO,MNST,FIZZ,KO,PRMB,KDP,KOF,PEP,COKE"
75,Insurance - Property & Casualty,Financial Services,97.61,48,105.1,116.9,108.07,"HRTG,ROOT,LMND,PRA,KINS,MCY,TRUP,HIPO,UVE,MKL,PLMR,HCI,SKWD,WRB,CINF,UFCS,L,HMN,DGICA,HIG,HGTY,TRV,THG,KNSL,AII,ALL,PGR,WTM,ORI,KMPR,STC,CB,AHL,GBLI,BOW,AFG,AIZ,SLDE,ACIC,SIGIP,NODK,CNA,RLI,SAFT,ASIC,SIGI"
76,Specialty Business Services,Industrials,97.43,48,96.71,93.82,98.82,"BKSY,RHLD,ULS,AZZ,SST,LZ,ARMK,RBA,TRI,KODK,FA,BV,CTAS,RELX,TIC,CBZ,AMTM,DLHC,CASS,RTO,TH,QUAD,TISI,DLB,SPIR,WFCF,MMS,GPN,ABM,UNF,CMPR,CPRT,TRNS,PC"
77,Railroads,Industrials,97.11,47,95.57,88.65,112.58,"RAIL,NSC,CSX,FSTR,WAB,CP,UNP,GBX,CNI,TRN"
78,Food Distribution,Consumer Defensive,97.03,46,99.58,103.84,100.88,"WILC,SPTN,USFD,CHEF,UNFI,PFGC,SYY,AVO,CVGW,MTEX,DIT,ANDE,TWG"
79,Specialty Retail,Consumer Cyclical,96.94,46,92.88,86.89,96.9,"EYE,FIVE,BBW,ULTA,CASY,ASO,WSM,TSCO,MNSO,SBH,SVV,DKS,WINA,BBWI,ARHS,GME,ODP,BNED,FLWS,MUSA,BBY,RH,ONEW,HZO,BWMX"
80,Lodging,Consumer Cyclical,96.86,45,96.76,94.52,102.82,"ATAT,HLT,SHCO,MAR,H,CVEO,IHG,WH,HTHT,CHH,INTG"
81,Waste Management,Industrials,96.83,44,101.0,99.35,91.53,"PESI,MEG,NVRI,RSG,GFL,WM,WCN,CLH,CWST"
82,ETF,ETF,96.8,44,97.29,99.76,94.11,"PTIR,RKLX,QBTX,HOOX,HOOG,COIG,ROBN,RBLU,AMUU,PLTU,RGTX,LAYS,IONX,ETU,ORCX,IONL,CONL,ETHT,ETHU,SPCY,APED,AMDG,UPSX,XYZG,TARK,VRTL,XXRP,AVGX,HIMZ,DFEN,SOFX,AVL,URAA,SMU,SNOU,NVDG,RIOX,KDEF,KORU,ASTX,RGTU,PLTG,BOEU,AMDL,NVDL,BTFX,BTCL,YINN,BITU,NVDU,ARKW,MSTU,NVDX,ARMU,AETH,USD,ARKF,ETHW,ETHV,EZET,FETH,ETH,CETH,QETH,BITX,CRPT,ETHE,BTGD,NFLU,NFXL,PYPG,AVGG,CPXR,TSMU,TSMX,XRPT,TSMG,FBL,AIBU,URA,APPX,ARKZ,WEBL,TESL,EVAV,SOLT,EUAD,OWNB,EETH,HIBL,UFO,BLOK,ARKK,SLVR,METU,DAPP,BULZ,XPP,NUKZ,ARKX,FLYU,SHLD,JNUG,LMBO,COIW,GDXU,BTC,HODL,EZBC,BTCW,BITB,BRRR,BTCO,FBTC,ARKB,STCE,PLTM,WGMI,DEFI,ARKD,PPLT,GBTC,PSIL,ARKQ,MSFL,TECL,NLR,BEGS,BWEB,BITQ,NUGT,MSFX,FNGG,BUZZ,OKLL,IBLC,GREK,DUSL,SHNY,URAN,BNKU,ECNS,SOUX,DECO,MSFU,BCOR,SPRX,EURL,BABX,AGQ,BTRN,BETE,TQQQ,EDC,BNGE,GAMR,CHAT,ARMH,FNGU,SIL,METV,PBW,VNM,OND,TEKY,BOEG,FGM,NATO,DLLL,GDMN,QQQU,ESPO,SOLZ,XAR,REMX,COII,SGDM,GSIB,BPAY,BKCH,ALAI,NERD,MAGX,KEMQ,GEVX,SPPP,DMAT,SLON,LTL,QTUM,FDIG,FCA,EZPZ,ROM,MAXI,UGL,CWEB,PRXG,TMAT,RVNL,TRFK,XRPI,IZRL,CARU,ATFV,SLVP,EIS,HERO,ITA,MQQQ,UCYB,SGDJ,GOEX,VNAM,MAKX,SMCL,EPOL,SETM,ION,AUMI,SATO,ROKT,SMHX,FPX,UBRL,ARMG,GOAU,KURE,AMZZ,EWO,ODDS,DFII,HOOW,CNEQ,UXI,CPER,MNRS,SOCL,ZIPP,GDXJ,OOTO,LCDL,ONLN,TEC,XME,TEKX,CTEC,LOUP,SKYU,PWRD,RING,IWFL,AFK,AGMI,EWP,COPJ,UPRO,QLD,KTEC,SPXL,BETZ,OOQB,IAI,QQQP,PALL,FEUZ,CTEX,NVII,PDDL,SILJ,JETU,FLKR,OOSB,UPV,RDTL,MISL,FDNI,FXI,ARKA,FAS,XTL,KGRN,MEXX,FRNW,SPYU,EUFN,EET,HOOY,EWY,BITS,FDD,SOXL,CRWL,OGIG,NVDW,MULL,BTF,PPA,EWH,HECO,GDX,ISRA,HYDR,GCAD,AMZU,FPA,UTES,CXSE,ELFY,FDTS,UAE,FAI,HVAC,MUU,SFYF,BAI,FNGS,DAX,AIS,CBTA,AOTG,FEP,EWS,ILDR,ARTY,BLOX,SIXG,SHOC,FLCH,UXAP,MCHI,ARVR,BETH,IETC,TOGA,IQM,WISE,FDT,GGME,WTAI,CNXT,YGLD,TRFM,WUGI,URNM,AGIX,PSLV,CHPY,EFO,VERS,FITE,FDCF,CLDL,FLGR,AIA,DRAI,GDE,KARS,GVAL,XAIX,SPMO,AIRL,EWI,SMH,CCSO,HBTC,IPOS,PALU,GXC,SIVR,SAMT,STHH,FINX,MTUL,EWG,SLV,NODE,EMEQ,RTXG,CAS,CQQQ,CGRO,FAN,EFAS,BLKC,MSTX,CNRG,BATT,DAT,KCE,MCH,UTSL,CBSE,XNTK,CLIX,DARP,TTEQ,SPHB,ICOI,KBWB,THNQ,FGD,FDN,THMZ,DINT,FOWF,MKOR,RETL,KCAI,SPUU,BPI,RAYJ,KWEB,AGRW,HACK,MINV,HAIL,PIZ,NIKL,IGV,AVDV,MAGS,IDV,SSO,JIVE,GBUG,UYG,EBIZ,TCHI,AIQ,IXP,URNJ,IGM,FPXE,BOTT,IYW,PNQI,VCLN,PEPS,GLTR,SPYQ,BITY,EZA,PEJ,JPY,JTEK,FFTY,GRID,OPPE,UIVM,MUSQ,CEF,QQUP,FDTX,MCHS,CHAU,IVRS,WANT,PCCE,AIVC,FWD,LIMI,BKGI,FDRV,DTCR,WILD,AZTD,UPGR,RVER,PWB,CLOD,FTWO,WAR,FMET,IYZ,FCOM,EFFI,EGGQ,CIBR,IDMO,MMLG,DISV,NITE,VOX,AIFD,VGT,FTEC,SCHC,AVUQ,FDG,LSGR,GRNY,BAGY,TDIV,FNDC,UBOT,XLK,IBUY,IDRV,FLTW,BFAP,COPY,ISHP,COPA,GMOI,BTOP,IXN,RND,IPKW,RPG,BTCI,ADIV,IMOM,GAST,HSBH,XIDV,SPTE,EMCS,BUYZ,XSD,PBD,PDN,ENDW,CGGR,FSZ,ASHS,AVDS,GGRW,TEK,QBIG,FBOT,FFOG,XLC,IAUM,GLDM,LCLG,DFIS,SGOL,QTJL,ROBT,BLCR,AAAU,ILCG,IVW,IEUS,IAU,NULG,LRNZ,OUNZ,SPYG,TAN,VOOG,TSEL,SEIM,IFV,JCHI,PGJ,GK,QCML,NBDS,GLD,VIDI,SKYY,WSML,GENW,ISVL,PHYS,XPND,GTEK,MGK,QTOP,EWT,WNDY,FGDL,XOVR,QGRW,FLEU,PLTY,KOMP,EXI,VUG,SOXQ,ISCF,TOPC,PEVC,ADPV,EMQQ,DIM,GLBL,FLCG,GWX,FBCG,SFY,IUSG,FEOE,HDLB,GMET,SPUC,PATN,MVPL,VOT,EGUS,DRUP,PJFG,LSVD,FFEM,QQMG,DLS,EFNL,DTH,UCC,SOLR,GVIP,EZJ,FKU,TCHP,EPU,QCLN,IWF,VONG,DFIV,ROBO,FPAG,MOTO,GGUS,ONEQ,CARZ,WFH,PIEQ,IYG,TXUE,AAXJ,BGRO,JDVI,AVNV,IPAV,DWCR,LITP,CBTJ,EEMA,TDI,DWLD,PPEM,XITK,IWP,CGDV,GEND,FLAX,RAYD,IDAT,CVRT,COWG,JHID,PTEC,LDEM,SPBC,FTHF,GARP,UXRP,TPIF,TLTD,EFFE,IVLU,GPZ,QQQM,QQQ,QQWZ,FTC,ESGE,QTEC,AVEM,TMFC,FFLG,SNTH,EGLE,MTUM,JETS,MADE,XSW,XLI,QINT,IDEF,IWFG,DXIV,AVSE,DFNL,DFE,SEIE,IXG,SCZ,QGRO,AIVI,AVNM,KNCT,AVSD,PGRO,AGEM,UPW,FDMO,IWY,HFGO,PANG,QTAP,RSPC,DBP,OAIM,CGIC,EEMX,DSTX,MILN,AVIV,FFND,NUGO,NUEM,PRXV,EZU,OPTZ,GINN,QTJA,SMOG,PXH,PXF,QTOC,LEGR,WCBR,VWID,LOPP,LGRO,BJK,AESR,SEMI,AIRR,THIR,FID,CHPS,ASIA,IWLG,MAVF,SCHG,USXF,FENI,JUSA,VSS,EWK,FPXI,VIS,PLTW,CHIQ,AVDE,WINN,GXUS,PAVE,CRAK,DFIC,SSK,ECON,TGLR,COLO,JADE,BCDF,YALL,NBJP,FELG,FIVA,FIDU,TGRT,MOTG,WCME,FTXO,ILOW,ABOT,PFIX,GEM,FMAG,AVES,FRDM,RSHO,RODM,DTAN,DFAX,FFDI,TEMX,INEQ,FNDF,DFSE,FEMR,BINV,EFV,DFSI,SEEM,AADR,CRTC,JEMA,XXCH,TGRW,DDLS,FINT,EYLD,QBF,TOUS,KWT,GSEE,SIMS,QQH,UDOW,IDOG,NSI,STXG,BEDZ,GEME,ULE,FYLD,DFEV,OALC,SOXX,TMFX,OBOR,IGPT,CBXA,EWC,EMDM,DFAE,CGNG,VSLU,RSPT,ENOR,DTEC,DIEM,DFEM,SAGP,SPXV,IOO,VICE,BKCG,GURU,EMGF,TOPT,CIL,FCLD,EPSV,NTSE,LRND,SNPG,IBOT,FXU,WRND,BAMG,FJP,FDND,DRAG,BUL,EEM,DWM,NORW,EMXF,HWAY,CGGE,TECB,MEMX,QXQ,BBCA,YOKE,NXTG,NWLG,EVLU,APIE,BFRE,MFDX,INTF,NBGX,KOOL,CORO,CHGX,DEEF,IYF,OEF,GSIE,LIT,VYMI,IEMG,FNDE,FDIF,INTL,RGEF,FFGX,BCHP,NANC,XLG,XT,IWDL,AVEE,ICOW,CGUS,WWJD,JGRO,TEMP,FLCA,FTXL,LCF,SLX,LRGC,QOWZ,AIEQ,ZAP,SCJ,GMF,EWUS,ICLN,VEA,PKB,FXL,IMTM,DFAI,QMMY,ANEW,KSTR,RECS,SPUS,ACGR,BBEM,ASHR,IQDY,BRNY,XTAP,BKEM,DOL,LCDS,QPX,GSID,PKW,ABIG,FTGS,GSEU,NBCC,SCHE,DGT,VGK,VXUS,TLTE,XDAT,JPIN,MFSI,TDVI,IYC,FRTY,NXTE,FEZ,DSI,SCHF,DVYA,SPEU,MSTQ,ITEQ,LQAI,NJUL,DYNF,USCI,VWO,GLOF,WTRE,WLTG,SPXN,SPDW,VEU,LGH,PTL,RILA,EMPB,CVIE,HDMV,DEMZ,GUSA,NBCR,LDRX,FLCC,XDOC,FIDI,CWI,RAYC,SPAM,IEUR,IXUS,FEGE,NJUN,ESGG,USRD,ITDJ,CCNR,QQJG,CATH,PPIE,XSOE,FTCE,UDIV,XUSP,LCG,FNCL,JMOM,FAD,QLC,DRIV,FDEV,JHMD,IPAY,BOTZ,PPI,BMAX,MGC,VFH,TUG,FFLC,FMQQ,JMID,VPL,KLMT,MVLL,QQQJ,IDLV,FDM,IWL,PEXL,PYZ,RSPN,BRIF,RNWZ,HSCZ,BKLC,DEXC,ACWX,DEHP,GSUS,FLEE,INFO,VSGX,IDEV,HEAT,IVAL,KOKU,DDWM,SUSL,BELT,HAPI,IMCG,CAML,DGS,LRGF,UEVM,RFDI,FCFY,SPXE,PSWD,CGIE,IDVZ,STRV,ITDI,PEMX,ITDG,AWAY,VOTE,RFEM,ITDH,FLQL,CGDG,MFSG,USG,VV,NBCE,BKIE,MODL,GABF,JIRE,GXDW,ILCB,LPRE,ACES,QSPT,VT,IEFA,IQDF,NUDM,RSSB,CRBN,SPD,IWC,USSG,BCHI,SSUS,EPMV,GROZ,PBUS,SPEM,JCTR,SDIV,EAFG,EFAX,BBUS,XVV,ACWI,GSPY,VOLT,TOK,SOXY,IEV,SPYX,USPX,ECOW,FDFF,SPGM,MSTB,URTH,FSST,RSSX,BCIL,SCHX,JOET,BKIV,SECT,PSI,TCAF,ESGV,VONE,IYY,QQQE,TDEC,FLGB,QQEW,XLF,DFJ,SPLG,DIVI,GOLY,QTR,IWB,BBEU,VOO,BKF,SCHK,OVF,FCVT,MGNR,JUST,IVV,KEMX,QULL,BKWO,ORR,IYJ,DFUS,HDEF,CNYA,LCTU,VEGN,XCEM,AVXC,ITDF,QQQG,FYC,DSPY,NZAC,IDGT,JPAN,WDIV,BBIN,FDWM,GGLL,FLCV,PIE,DBEM,QDEC,TOV,EWN,ITOT,NAUG,SCHB,DDM,GDMA,GQQQ,FEM,EMCR,XTJL,TSEP,TSPA,DMCY,RBLD,JHEM,IWV,HEEM,DWX,RAYE,EFA,MID,DWMF,VTI,HDUS,VTHR,ROAM,SEIV,ACVF,QVML,FDEM,ESGU,CNAV,INRO,PWER,LRGE,USCL,ADVE,SSPX,GSLC,CVLC,FTRI,MFEM,ECLN,AVLC,USCA,FMCX,ETEC,EWU,USNZ,RCGE,NULC,FGSM,HBTA,GCOW,JIG,XTOC,APUE,BDRY,CSM,CDEI,NTSX,EJUL,DXJ,AUGP,ITAN,DFAU,STXI,EEMS,LRGG,SUPP,PJIO,BBLU,EMM,SPTM,XLY,QQQS,JXX,SPWO,EMSF,ZZZ,TSL,PABD,DFAW,TAX,TDV,FDRR,EPP,KQQQ,EWJV,BAUG,QJUN,TBLU,LCAP,KNO,CSD,IVEG,COPX,SSXU,SRVR,IJUL,WLDR,GSJY,EMC,BBAX,AUGT,UXOC,IAUG,GLOW,LCTD,RNRG,CBXJ,LENS,TSPX,THRO,EFAV,MOOD,XTJA,EMOT,ERTH,EQTY,DVND,ESG,FLJP,CGMM,QQHG,ESGD,PSCJ,FJUL,IPAC,RSPF,EATZ,EPS,DJUL,GOP,CWB,BLCV,CSTK,FXO,MVAL,QMAG,EWX,BUG,GFLW,PTEU,SNPE,HEWJ,EUSM,OVLH,QRFT,SHE,JDIV,LEAD,BUFQ,RSPU,MGRO,VCR,EQWL,MEM,PJFV,SROI,FDIS,PTF,CGGO,PABU,DIHP,HARD,EFIV,DUBS,JXI,SDCI,USMC,DFSU,TXS,OVL,UJUL,FELC,FQAL,KBUF,HEAL,BBJP,ICVT,CEFA,OAEM,ITDE,XRT,IPO,AGQI,UXJA,EWW,BJUL,VXF,SNAV,RFDA,BFOR,XTN,JULP,JULT,BMAR,FEDM,NSEP,HFXI,QDVO,HQGO,QCJL,EMXC,VFMO,VO,VNSE,DCOR,VUSE,RSPD,XDQQ,AVGE,QFLR,PSCI,EWD,CGCV,AVUS,REMG,CVSE,ALTL,MART,QSIX,RXD,BULD,JHML,ICOP,LCOW,JGLO,LGDX,PUI,TILT,HFGM,WTV,NUMG,PQJL,EOCT,PSMJ,FMKT,MOTI,SCHY,ACSI,QLVD,RFV,KLMN,SPYC,IDVO,QEFA,CZAR,MRCP,KBA,NSCR,RXI,LIVR,MBCC,NOCT,EWJ,PJUL,IVES,PSFJ,IFRA,XCOR,EAGL,AVGV,DVQQ,RAAX,NACP,NJAN,LEXI,NTSI,CSNR,IAT,CARK,JHDV,FMDE,SPYH,BSEP,GSEW,IMFL,PVAL,QNXT,KLXY,FTAG,SUSA,IQSI,FAUG,INOV,JPXN,DFAC,UMMA,EWQ,MOAT,OPPJ,JSMD,BDIV,DEM,AFLG,PRNT,VEGI,EPMB,FEX,BNOV,FEUS,UAUG,GJUL,GLOV,FDVV,GMAY,FMAY,EMIF,EDOW,ISEP,PID,IGRO,SNSR,PRN,EVX,XDSQ,PBJN,AOA,RAYS,AVSU,BLES,JUNP,SEPT,NNOV,PBQQ,RFFC,DFVX,LOWV,BJUN,QDEF,COWS,DXUV,ITDD,BJAN,QDF,NXTI,FEAC,CLOU,IWR,DUHP,JUNT,CAPE,RHRX,VNQI,EDGI,SMDX,FFEB,SIXA,HYXU,PQJA,NVBT,GII,FLAG,IDEC,ABFL,TSME,XBAP,BUFB,OMFL,QLTY,BOCT,BITC,DMXF,MAYZ,MAGY,FSCC,SHPP,IMCB,SPHQ,IGF,DMAY,BFEB,HAWX,SEPP,DALI,FFLS,DIVZ,KRMA,SIXF,FEMS,IBAT,FLMX,BESF,FLJH,STXD,INFR,ASLV,YSEP,PBJL,JANT,JPEF,IWML,EAOA,MAYT,IOCT,AMOM,FORH,DUSA,EFG,FSEP,EEMO,OCTP,IJUN,FHEQ,CGBL,RDVY,PSP,PJUN,XLSR,NOVP,RSEE,DFVE,PQAP,PIT,SAWG,QLVE,DVYE,JSTC,JAPN,VLLU,PQOC,FLJJ,RTH,OAKM,STXE,KOID,OCTT,HLAL,QEMM,PSET,EIRL,IWTR,AUGU,REVS,QAT,XLU,TUGN,FEBT,SIXJ,ZHDG,QQXT,YJUN,IDU,ILIT,SWP,DAUG,PAUG,EVNT,HEQQ,BUFP,MEMS,MSFY,JUNW,CRMG,JULW,PSFO,FUTY,JANP,MMTM,XC,FEBP,NZUS,IMAY,HAP,VPU,IVVM,FDEC,QMAR,TMAR,HIDV,FJAN,NMAR,BIBL,KROP,UJUN,DEW,FVAL,QMNV,MFUS,FLV,BUFG,FOCT,VLUE,SDEM,FCPI,SFYX,BUFR,OCFS,DPST,SIXP,XBJL,DLN,SEIQ,BMAY,IQLT,XMAG,XJUN,EASG,SIZE,IFGL,OCTZ,ROE,EDIV,FNOV,PHEQ,PIO,JQUA,EBI,PSFD,FXD,PWV,MPLY,POWA,DIVD,PRCS,DBAW,HERD,GFGF,AGOX,SPBU,APRZ,HEZU,SMRI,DECP,CGXU,ROPE,FICS,USEP,PMAR,IQSU,FLSW,IDUB,CGV,EUSA,VEGA,XMMO,BEEX,DBJP,KBE,JHAC,SPVM,MSMR,PSCQ,SPXT,IDHQ,LST,KRE,FXF,MAYP,NDEC,OSEA,BDEC,IMAR,VLU,MAGA,XAPR,FLCE,SMLF,BUYO,DECT,FDHT,FJUN,ARGT,FXR,BAFE,ULVM,GAUG,LEMB,YMAR,FCTR,JULZ,FLN,FLRG,FUNL,ACLC,RINT,PJFM,DIVB,VBK,THEQ,JVAL,TMV,QDPL,FNY,RSST,XBOC,XBJA,BBMC,NOVZ,SCHV,MAYU,BSTP,TRIO,QHDG,QCOC,PICK,TMFE,IQDG,PRF,LITL,RFEU,UMAR,DTD,EWL,RWK,JULU,FMCE,ADME,SFLO,DNL,AUGW,SMOT,SSPY,PDP,DFEB,NFEB,QWLD,PSEP,ONEO,JNEU,EPEM,ZECP,CCMG,EQL,SEPU,CSMD,HWSM,IFEB,CPAI,DJUN,FIRS,PBMY,PNOV,PFM,BUFZ,TPZ,NVBU,NFRA,RHTX,GFEB,RSPE,SMCO,BDVG,IHAK,DSEP,DBEZ,GPIQ,EUDV,CTEF,PSMO,HCMT,IPDP,RSP,PBSE,LVHI,MARU,TPOR,BRF,KEUA,DOCT,PSCX,CVMC,AUGZ,ITDC,DGRE,BUFD,GJUN,PBMR,MSLC,PSMD,NMAY,MVFG,ZSB,RZV,DECZ,NOWL,IEDI,PMAY,VYM,BWTG,MARZ,FDLS,HAUZ,PJAN,SEPZ,BUFF,PSTP,BUSA,SFLR,SPGP,UNOV,PRVS,VIG,NUMV,IBND,HEGD,NANR,TWOX,PCGG,DIA,JANZ,ALIL,DNOV,AVLV,GSEP,AVMC,ECH,CGW,DGRO,ARLU,STXM,GOCT,PCEM,DIVS,BAMA,BKDV,GINX,EQAL,FMTM,UOCT,ISWN,GVUS,GLRY,BUFI,SMIZ,EMLP,VMAX,JUNZ,QMFE,XMAY,EAPR,DDEC,NIXT,PBNV,SHDG,QBUF,HEFA,ICAP,POCT,EAOR,IJAN,WCLD,GBLD,GDEC,XCNY,GNOV,OEUR,PSFF,FEBZ,RJMG,AOR,BCUS,EDGU,RWX,SCHM,NDVG,FMAR,AQWA,MOO,IWS,DJAN,JHMM,EFAD,ISCG,SMLL,UJAN,XMAR,AUSF,FLDZ,GJAN,PBFR,BKMC,MOTE,TDVG,PBOC,IEQ,BSMC,IYT,RWL,FNDX,XNAV,IUS,FLOW,RGLO,CAMX,LGCF,MARW,RAFE,ROUS,BCIM,KMAY,PRAY,EJAN,THLV,SXQG,CBLS,VSTL,AVMA,GHTA,SHUS,FOVL,FXE,XJUL,NVYY,SMMD,SEPW,UFEB,IQSM,AVMV,JSML,MAYW,BOAT,EKG,XVOL,SNPV,FTDS,HGER,BUFY,FNDB,VFQY,WCEO,TPLC,BBSC,SMCF,GOOX,SPCX,MAXJ,FBUF,QCON,MSSS,OCTU,TMET,AAVM,ITDB,PBFB,VONV,PDEC,AQLT,JANU,DVSP,MVPA,HEDJ,FLAU,PLDR,NVBW,KONG,EDGE,IWD,CANQ,BUFT,TPLE,CLSM,RISN,BIDD,IBUF,XFEB,XDEC,ACIO,PFUT,RWJ,GAA,PBDE,QCLR,PBJA,SDG,DGRW,IWX,PFEB,VIGI,COPP,SHRY,TMSL,DWUS,BLGR,IAPR,DIVL,UDEC,FV,XOCT,QUAL,ISCB,XNOV,SAEF,VFLO,CPNJ,VTWG,UWM,BDGS,GCC,MSTP,IWO,GMAR,JANW,CFO,DJD,TOLL,XV,USML,BITO,OCTW,AMZW,NULV,VB,EUDG,XJAN,EGGY,BCCC,CFA,ESN,XSEP,RBUF,BAPR,AIVL,DMAR,UMAY,QARP,XAUG,DWAW,JUNM,HAPS,FDL,DIVO,RUSC,EEMV,JPEM,CAIE,FEBU,ILCV,DEUS,LYLD,QUS,FEBW,FDLO,RPHS,QLV,UDI,GLCR,BGIG,WOMN,APRP,CERY,EWA,PVEX,SPUT,UX,DVAL,TXUG,HAPY,TVAL,KMAR,FYX,OCIO,RFG,EALT,TBFG,BKSE,ASEA,LSAF,EELV,BUFM,KSPY,GAL,QQA,PRFZ,APRT,EQRR,ELM,ISHG,CLSE,EMMF,EPIN,DIVG,TYLG,HGRO,PAWZ,LFEQ,NDAA,SEA,EBUF,TNA,INFL,JAVA,QCJA,XUDV,SPMV,BASG,URTY,CPSJ,BEEZ,ZJUL,MGMT,FESM,YBTC,DECW,TLCI,DFUV,SCHA,AFOS,ESML,KPRO,DHS,BGDV,WCMI,SELV,RULE,FTA,ONOF,MGV,EDEN,NAPR,ARKG,FELV,EVUS,FAPR,IMCV,GUNR,DFLV,VTV,SHEH,IVVB,DUKQ,SPDG,RSDE,EFAA,TBG,ZALT,KNGZ,RUNN,MCDS,DBEF,UPGD,SPBW,RAA,SRHQ,GBXC,EBIT,FDV,VFMF,MVV,GPIX,ASET,CGGG,FHDG,PJBF,MNA,ISCV,PSFM,TPHD,IVOV,VFMV,ABCS,BILD,WBIY,VTWO,SPBX,GRPZ,RLY,ABEQ,STXV,CCFE,YDEC,QIDX,IWM,RNEM,MIDE,GDIV,SPYV,IYM,AGNG,CWS,ZAUG,QCAP,IUSV,IVE,NDOW,RW,CPSA,SPCZ,FFSM,MDLV,BLUC,VOOV,FTXR,PSC,RSJN,VOE,EMOP,CSRE,EMDV,FFLV,UPSD,INQQ,UJB,ACVT,VFVA,ONEZ,SWAN,PHO,PY,KNOW,RSMR,ELD,MEDI,LBO,SIXD,FTGC,FSCS,PSCM,BAMO,QABA,DFND,SEMG,GSSC,EFRA,SIXO,FNX,PICB,NFLP,STNC,RFLR,TACK,FIW,SPDV,TMFS,TEQI,VSDA,FBCV,LGLV,ACWV,FEMB,BIGY,BAMV,GBXA,RSSE,IJH,KVLE,MDYV,HEQT,TBT,AMZP,TTT,VIXM,QVMM,IJJ,CPNS,VBR,QLTI,IVOO,RSSL,BLCN,USMF,AAPR,MRSK,MMSC,XRLX,SBAR,LOGO,HUSV,IGOV,TOLZ,SPMD,SURE,KSEP,USSE,VYLD,MDY,SGLC,GIND,DECU,PSMR,SPYA,DBEU,RZG,MDYG,IVOG,QSML,DFAS,IJK,KEAT,SIXZ,AJUL,INCE,FLLA,GAPR,OZEM,TINT,GVLU,MIDU,JULM,LCR,EZM,GNR,QQQH,BWZ,AOM,PAPR,DVY,HKND,TPSC,GMOV,PSCW,AVSC,EDOG,CPSM,FSMD,OMFS,QQLV,HELO,IMST,UMDD,EWZS,JAJL,ZSC,JPUS,CPST,DFSV,NRSH,PSCD,LUX,DFAT,GPTY,FNDA,KBWR,ALLW,KJAN,JPME,AUGM,XJH,XMVM,SCDS,PBAP,VSMV,WBIF,QQQI,CEW,ETHO,HDV,NBCM,ZSEP,SAMM,LVHD,OUSA,EAOM,RIFR,EES,ABLG,PBL,EIPX,ONEV,VALQ,IHY,RPV,BINT,EMLC,KNOV,FAB,EBND,MFSV,BKCI,UAPR,SMAX,MXI,AVGU,XSMO,INVN,CZA,VTWV,FCEF,APRW,FSGS,SPAQ,STXK,DHDG,IWN,CBOA,SMAP,SQMX,KOCT,BFJL,IVRA,HEJD,MSSM,BASV,DEEP,NBET,BSVO,USO,FVD,YLDE,GTR,IRTR,DAPR,RNIN,XMHQ,GYLD,MARM,COMB,ROMO,MSII,SEIS,AFMC,KFEB,KMID,DRSK,SEPM,SQEW,CMDY,SDY,EDGH,BALI,EXUS,CPNQ,RSMC,COAL,UDN,CDC,BOUT,PEZ,JMEE,PBJ,GSG,QMID,SPVU,AKAF,CPSL,PSCF,CVAR,TFNS,CDL,GQRE,AJAN,SNOV,ELCV,ILF,USAI,USMV,IGLD,ONEY,BCD,CEFS,BBP,IFLO,WZRD,TJAN,JHSC,DCMT,BCI,TINY,SDOG,EINC,SAUG,MBOX,BLUX,TBFC,CPSN,HTUS,JGRW,CPSO,HFND,SUPL,URE,REGL,CBTY,FINE,FXB,PSCT,TJUL,MCSE,DIVY,DMAX,SPLV,EAOK,FAAR,AWEG,GSKH,OCTM,ZOCT,EHLS,NOBL,TJUN,VGSR,PBDC,JOJO,SOFL,AOK,KHPI,FNK,CVRD,PSL,IQQQ,DDIV,ZNOV,BALT,CVY,XRLV,TPYP,SFEB,NUSC,TMFG,KJUL,FTCS,DIVN,TAPR,CBOJ,NOVM,CPSD,FTLS,ZIG,AVUV,USVM,UPAR,GMOM,USAF,BNO,TRTY,INCM,GRPM,SVAL,DUKX,FOXY,DSTL,PMJA,TSPY,PCEF,RDVI,SDVY,SMIG,IVOL,FYEE,IGE,AOCT,ARP,EPHE,SIXH,CPNM,DBB,DON,RDIV,ZDEK,GQI,KAPR,CCEF,ENFR,VAW,CPSY,DSMC,CPRJ,ESMV,QAI,MBSX,ZJAN,FLQM,PEX,COWZ,AVRE,SRET,BWX,RPAR,CTIF,BMVP,BYRE,TURF,INDF,BVAL,BOBP,FGSI,DHSB,BAMY,IYR,FLAO,DFGR,FMAT,GHYG,KXI,DECM,PMFB,IHDG,MPRO,FARX,MARB,NBSM,XLRE,CPRA,QVOY,CPSR,TPHE,DURA,SCAP,PMMR,XLB,EMES,FFOX,PSTR,ZFEB,JFLI,BUFS,LALT,LFSC,ZMAR,CPSF,SQLV,TMH,RSMV,SMCX,YNOT,UYM,SPYI,KRBN,ISMD,MMAX,DBE,JANM,TBF,OASC,NVIR,EQLT,XJR,DSCF,LSAT,HUMN,STOX,NUDV,BGLD,MLPX,FTBI,WTIP,SMLV,VIOO,ARB,PMAP,BUYW,PTIN,IJT,ALRG,VIOG,CPSP,DRN,RSBA,ZAPR,TXSS,BUFC,JPSE,FYT,QUSA,FEBM,MKAM,VDC,FILL,SMMV,APXM,QCMU,DIVP,XOMX,MDPL,JPRE,PCIG,DVLU,PALC,PFI,PTNQ,SLYG,FSTA,SFTY,CBXY,WTMF,CMCI,VIOV,IBHL,ICF,TIER,AFSM,COMT,AMAX,IYLD,KDEC,PSR,HYGI,UMI,MVFD,ACTV,SCDV,ZTOP,NRES,FLSP,VAMO,AFSC,RSPR,VNIE,CTA,QVMS,HFEQ,IDX,XMLV,IYK,SPSM,QQQA,IJR,RISR,XEMD,IJS,GBXB,BFRZ,VEMY,REET,MTRA,RNTY,CSPF,ERET,INKM,SNPD,EMHY,EMB,BOXX,QMOM,BIZD,FREL,HTEC,JEPQ,HDG,TDSB,SLYV,FCUS,QBUL,FLBR,FTIF,IQSZ,USNG,LGHT,CPRO,FTHI,MRGR,IHE,QVAL,GOOP,HNDL,DVOL,TOAK,SPHD,RIGS,PFXF,TGLB,GAEM,FPRO,THNR,DTRE,KGLD,AMID,AEMS,RSPM,XTR,UNL,KBWP,FXC,PRAE,DBC,BFIX,QUVU,ISPY,NDIV,SPYD,SPXM,PQDI,GMMA,SAPH,GSC,QDIV,JEMB,FFUT,CPRY,VNQ,TMDV,DGCB,ZMAY,EVMT,DEFR,XLP,KNRG,IBMT,OUSM,BPH,CANC,AREA,QTPI,HECA,RB,VWOB,NBOS,NEWZ,MFUL,KAUG,CGVV,TEXN,FLQS,RSPA,FPEI,REZ,HYXF,HYG,HYEM,IXC,FXA,WIP,ROSC,IBIG,RSSY,EMHC,RWO,WDNA,DRAY,YSPY,AFIF,PREF,IGIB,VTIP,XHYT,PEY,PIFI,MYLD,WEEL,NPFI,HYUP,KPDD,IGHG,EWZ,QHY,NJNK,BLDG,BOXA,PSQO,NUHY,IYRI,ANGL,STPZ,NBFC,SCLZ,DFAR,SAWS,SCHH,BBH,VCIT,FB,OCTD,TIPX,IBBQ,EMBD,BBBI,PJP,DESK,PTLC,SBIO,VRAI,CMBS,CMDT,IHI,XPH,IBIH,EWM,IGCB,XBB,FALN,PBE,AAAA,XCCC,PHYD,MILK,HYLB,DFGP,MAMB,FLHY,CAOS,OVS,BUFX,PCHI,IBDW,APOC,UBR,LQDI,HYFI,PBTP,BRHY,BRAZ,SPSK,PCY,PMJN,CPSU,CEMB,DRGN,JPIB,PHYL,HFSI,MAYM,BSCV,EMTL,FXY,HYZD,XHYF,XDIV,IBII,BENJ,DDTL,SCIO,GHYB,TDTF,IBIE,XSHQ,DIAL,CCOR,KIE,IBIF,SCHI,CEFD,ZJUN,FTXH,BSCW,PHB,REM,CRED,BEMB,SPIN,IBDX,APRH,JANH,IBMS,BSCX,SCHD,FIBR,GRIN,DFSB,DGIN,XSVM,QGRD,PRFD,AHLT,AMJB,DVXE,YCS,HOLA,STIP,BSCY,IRVH,PYLD,IBHK,IBDY,PGHY,SIXS,EMCB,SPIB,IBDV,FPE,FSYD,JCPI,USHY,THYF,JNK,IBDZ,FDHY,AINP,FLXR,XHYI,VRP,CBON,EQIN,PFIG,IHYF,DRLL,TCV,BRZU,AHYB,BSR,TLTX,IBIJ,NBTR,AVGB,IBIK,FXZ,BMED,CLOB,VGMS,SIFI,BHYB,CGMS,IBHH,JHCP,FDAT,BSCU,BSJW,XIDE,TIP,UCRD,SKOR,HYDW,HYGH,BSCT,XHYH,INDH,JHHY,HYBL,XIMR,IBMQ,SYFI,HYS,MEDX,VSDM,FOPC,OSCV,JANJ,SMB,SUB,HYSA,TDTT,IGSB,DFSD,SBND,IBDU,AOHY,RINF,SOVF,PWS,TDSC,FIIG,NFLT,GRNB,IAK,JRE,FCOR,EVSD,RSPS,BIV,FCTE,FCSH,FLTB,IBHJ,JHCB,VCSH,XHYD,HOCT,SCHP,OCTH,OTGL,MYCK,SPC,DVXK,SHM,CBOY,IOPP,LQDB,LAPR,SCYB,HYBB,HYLS,HYSD,XPAY,SCHJ,FRDD,WBND,SUSB,MBBB,BSJV,BBBS,SLQD,MUSE,BUFH,IIGD,ESIX,SHYL,GVI,PXE,BSJR,WTBN,FCBD,JPMB,UXJL,IGEB,DDFL,IGBH,JHCR,HYDB,HYBX,EIPI,DFIP,CLCG,XCLR,XIJN,GEMD,AGGA,TIME,XOEF,VTES,VSHY,BSCS,BGRN,MMSD,DGRS,SAA,XISE,SPIP,BSJS,JIII,IBD,DABS,ELQD,XOP,MYCL,FLXN,INVG,QQQT,IEI,BYLD,FHYS,YFFI,FVC,LMBS,BSJX,IBDT,SMAY,IBMR,SIO,GXPE,SIHY,BSJU,SPHY,IBMP,BSCZ,LJAN,MYCM,QSIG,VSDB,BSJT,PPH,ISTB,GXPT,PDBC,QIG,SHYG,IBID,IBHI,USIG,GSIG,MYCJ,PSQA,BBIB,GXIG,YYY,LDRI,DMX,JPIE,XB,SJNK,FLCO,JPLD,ASCE,LDRH,ZTEN,AVSF,USRT,JSI,QBSF,FSEC,BBHY,VCEB,ISMF,BKHY,BRKD,BSV,VABS,APRJ,IBTK,TMB,RFCI,CGSM,PFRL,HIYS,WBIL,HISF,LVDS,ACLO,MUSI,FPAS,MIG,SYLD,DOGG,LODI,ZTRE,LQD,IYE,IQHI,JSCP,IBB,SUSC,JPHY,FTBD,FSIG,CORP,LDSF,TAFI,FMUB,MLPD,IBHG,CGSD,LOCT,LQDH,VDE,MYCI,OBND,IBTL,BINC,SMMU,UGE,AFIX,SDCP,TUSB,EVTR,GTIP,GXPC,EVHY,FRI,VGIT,BSCR,SDFI,CLOZ,VTC,SCHR,BAMD,KORP,SPTI,TCPB,AVIG,FENY,IBTJ,UCON,TRND,KJUN,MYCH,APMU,SCCR,BRLN,IBDS,PSDM,PMJL,HYGV,EUSB,PSH,DVXC,GENT,DCRE,BAMB,LONZ,XHYC,IPB,HYTR,OCTJ,WTPI,BBCB,HIDE,IBTI,LDRC,SPBO,ENZL,THY,EVSM,CSCL,FIGB,IBMO,TFLR,PAAA,USTB,NUSA,FEIG,YLD,VBIL,MYCN,WTMU,XTRE,CALF,VNLA,UFIV,BNDS,AGZD,IBTM,XFIV,FLTR,BLUI,IAGG,FIXT,IG,TAXX,IBMN,QLTA,SPSB,HSMV,IBIC,SHAG,NBSD,SRLN,BSCQ,DFGX,TIPZ,EVLN,JHPI,MFSB,MEAR,VGUS,CCSB,IUSB,MSTI,GENM,JBND,PCFI,INDY,GIGB,FLRT,NEAR,UTRE,BBRE,HYRM,UITB,JLQD,FLUD,USL,DFCF,IMTB,NDIA,OCTQ,FDIV,VPLS,WINC,UBND,QB,IBDR,CARY,CGHY,SGVT,OMAH,SYNB,AIOO,SJCP,PAMC,HFMF,JMST,CALI,JEPI,OOSP,STOT,STXT,FBND,SPMB,SDSI,MLPA,CLOX,MYCG,PCMM,ZTWO,GUMI,NUBD,VMBS,AGG,SMIN,LDRT,BSCP,PMMF,DVXF,JPSV,EVSB,FSMB,EYEG,AGGY,IBDQ,FLBL,LJUL,MBB,BND,MBSF,TYA,PAB,PVI,NUSB,BNDC,USSH,CGUI,APLU,CAAA,TBUX,AGRH,LQIG,GMUN,BSJQ,SPAB,ABLS,IBTH,VCRB,FXED,AGZ,TRSY,FLIA,FLOT,USDX,PUSH,MBSD,RAAA,IBHF,GSST,BKUI,FUMB,ABLD,FLDR,FPFD,CLOI,FLDB,VTP,IEF,RDFI,GSY,JULH,TSEC,CCRV,HYHG,GBF,NUAG,FTSL,SCUS,EAGG,USVN,IBTO,BBSB,FLRN,SPTS,LDUR,MDEV,PRIV,MBS,CAFX,CGCP,CSB,PSCU,SMBS,BDBT,BCLO,MYCF,AUSM,CLOA,ECML,VUSB,JPST,ICLO,SSFI,FLIN,GMMF,CGCB,VRIG,MTGP,INDE,BKLN,CVSB,PULS,OWNS,SBIL,FTRB,SHY,FMUN,XLE,PCRB,XSVN,RAVI,DYLD,GCOR,SCHZ,GPRF,IBIL,FTSM,PULT,DES,CPLS,BNDY,SCEC,USIN,ICSH,BSMQ,ULST,GTOS,TMFM,VGSH,KDRN,JCPB,DBND,SCHO,ABI,PTRB,IBTP,IBTG,USFR,STBF,BAMU,SDVD,BLST,XBTY,BSJP,UYLD,INDA,FSBD,OPER,IBTF,SGOV,SJLD,OVT,BKAG,FSLD,FTSD,DUKZ,GIGL,TOTR,MINT,TFLO,KCSH,SMTH,BBAG,DUSB,SLDR,FIXD,HBDC,WEEK,XHLF,BUXX,BILZ,UTWO,BIL,TAGG,JAAA,XFIX,CLIP,SEIX,TBLL,OBIL,BRTR,GNMA,DEED,NCLO,IPPP,CPLB,MMKT,TPLS,JABS,GHMS,MAGG,EMNT,GBIL,MLDR,BSMS,FLCB,HCRB,INTM,XBIL,YEAR,TBIL,BOND,MUNY,OGSP,XTWO,SOFR,BILS,IEO,IBHE,SHV,UNIY,FTCB,ALTY,JULJ,BNDW,DBA,BLTD,ARCM,VBND,GOVT,TUSI,OACP,RWR,SLNZ,IBIB,AAUS,HYTI,EDGF,TRPA,CSHI,HOMZ,BMDL,SPFF,GTO,BSMR,MORT,DVUT,APCB,UST,DMBS,DVRE,XHYE,GTOC,DVIN,FUSI,BSMP,HTRB,PUTD,PCLO,TYLD,UGA,TCAL,SHYD,SECR,VGVT,PMBS,MYMF,RTRE,GXPS,PXI,GRW,JHMB,VTG,RBIL,PFFA,ADFI,CAFG,IBTQ,CFIT,MDST,USFI,FLGV,TOTL,BSMT,XONE,CSCS,KNG,RMIF,AAA,GEOA,GBND,CEGX,LIAJ,NCPB,AGGS,OARK,BAB,BNDI,DVXV,FISR,GMUB,AMLP,MDIV,FBT,CPII,BBBL,BNDX,SIXL,JMBS,HIGH,LGOV,SPTB,TAXE,YFYA,KMLI,RITA,BSMU,MGOV,FCG,MNBD,SVXY,MSFO,EPI,FTQI,GGOV,ELIS,UTEN,ILS,XHB,MMCA,DYLG,RYSE,KHYB,QYLG,QBER,MTBA,IGLB,CDX,JMTG,MLPR,RSPG,METW,ITM,CGMU,FFIU,XFLX,TMED,OVB,DYFI,FMF,COM,ITWO,MYMG,ODHY,RSBT,TYO,FIXP,VETZ,DBO,VTEI,AAPD,CSHP,SMDV,LQTI,GQGU,VCLT,PST,LKOR,DFNM,SPLB,CLCV,MYMJ,BSMV,WABF,AVIE,PHDG,NFTY,PFF,XSLV,LIAC,YCL,TFPN,VTEL,XTEN,AMZA,IAUI,WDEF,INDS,QPFF,BDCX,GCAL,TAIL,HYBI,INMU,HCOW,SDTY,TNGY,PMIO,LIAM,MYMI,TXXI,MYMH,LSEQ,JBBB,NETL,QDTY,MRAL,HART,MMIT,TUA,TBX,SOYB,FXN,FXG,IDNA,HIPS,REIT,MUNI,TAXM,HMOP,MFSM,KMLM,QDCC,GIAX,XYLG,AGGH,LIAQ,DWAS,RDTY,BRKC,ABXB,WTMY,IEZ,EVIM,DFCA,KBWD,MUST,MINN,DUKH,ILTB,CGIB,RINC,PXJ,THD,RDOG,SRHR,HYIN,BTCC,GOVI,JMUB,FLMI,TYD,QCMD,PIPE,PTBD,PBP,SPYT,FRDU,DVXB,CVNX,SPRE,JMSI,VCRM,VTEC,BLV,WBIG,TAFM,DIV,PINK,HAUS,CMF,IGTR,MBND,PAPI,MUB,REAI,OILK,BUCK,PFFR,TLH,OIH,DJIA,TBJL,TFI,DYTA,NYF,JHMU,FTXN,JMHI,NMB,DISO,LIAB,GMNY,FTKI,TAXF,BSMW,SCMB,IWMI,FMB,CATF,IBGB,VTEB,TFJL,PSCC,RSPH,WOOD,SHYM,PFFD,NUMI,IBGA,XBI,PFFV,PPTY,BIB,GGM,FXH,EPRF,JPMO,FTXG,FBY,CUT,HF,SNOY,VPC,CGHM,IROC,BTR,BBC,MINO,LBAY,ASMH,MBNE,BSSX,GLIN,FMNY,CA,OVM,KLIP,FEPI,TUR,PGX,DBMF,XYLD,DVXY,JUCY,FMED,ZTAX,LTPZ,FIRI,PIN,FCAL,SPTL,AZNH,ASMF,BRKW,RORO,USDU,IBGL,UTWY,VGLT,WEEI,AVMU,NRGU,SCHQ,MVRL,QYLD,NURE,BSMY,MMIN,PDBA,XOMZ,EVYM,FIAX,TSMY,ERNZ,NHYM,FMHI,RIET,IRET,SZNE,SBB,RMOP,GDOC,PGF,LMUB,IVVW,MFLX,OILT,SHRT,LDDR,HTAB,FLMB,PTMC,HYMB,IXJ,PSK,SJB,TLT,LLDR,ERX,LDER,XRMI,TSLR,UCO,RMNY,BBLB,TAFL,XSHD,DIG,GUSH,LIAO,CTWO,UUP,TLTI,HYD,HELX,UNHG,UTHY,PSCE,CRDT,IBGK,INCO,IBRN,HYGW,REK,RMCA,TILL,RYLD,XMPT,XES,IMRA,PFLD,VHT,FHLC,SZK,RTAI,QRMI,RYLG,HIMU,RVNU,LFAE,EIDO,QDTE,HTAX,TAGS,INDL,LQDW,LDRR,MLN,IYH,ITB,XLV,PZA,PWZ,LTTI,PZT,MNTL,XTWY,XDTE,HRTS,LFAL,LFAQ,PILL,XHS,CANE,LFAU,GNOM,NFLY,MYY,TLTP,LIAX,CORN,JDOC,TSLL,ASMG,AIPI,RWM,TLTW,CEPI,FIVY,TSLT,DOG,IMF,AMZY,EDV,MFUT,USE,GOOY,SCO,XHE,IWMW,NFLW,BIS,QIS,HFSP,DUG,RATE,HDGE,CWVX,ERY,SVOL,ADBG,WDTE,RDTE,DWSH,LABD,UBT,BNDD,RSBY,SVIX,BRKU,KBWY,PTH,ZROZ,KSA,UNG,GOVZ,WHTX,NVOH,AAPY,SDD,FLSA,YBIT,SMN,YMAG,TSII,SRS,DVDN,GDXY,AMDY,LFGY,EUO,SPDN,SH,PSCH,TQQY,YMAX,SEF,WTIU,KCCA,GLDY,QQQY,NVDY,SURI,CVNY,FEAT,EFZ,OILU,TSLP,BTAL,EMTY,WXET,THTA,EUM,AALG,AAPB,RXL,MZZ,QUBX,GGLS,BZQ,BABO,DRIP,DXD,TMF,PYPY,PSQ,BWET,PALD,TWM,DRV,XOMO,ELIL,QQDN,KBAB,MST,IGME,APLY,INTW,SDP,RFIX,VIXY,IHF,AAPU,MJ,ARCX,ABNY,AMZD,MSDD,IWMY,AAPX,QQQD,AAPW,LABU,MSTY,MSFD,ULTY,CONY,YQQQ,OILD,LLYX,EWV,CURE,SDS,TSLW,SMDD,NFXS,SMCY,SKF,NAIL,YETH,YXI,GLL,XYZY,ZVOL,SDOW,WTID,EFU,SCC,TZA,KOLD,BOED,SRTY,EPV,REKT,BOIL,EEV,NRGD,METD,NVOX,CORX,SKRE,IONZ,MUD,SIJ,TSLY,TSMZ,TSLS,TEMT,WEED,QID,ELON,TSLG,CNBS,USOY,CXRN,BITI,SPXU,MARO,WNTR,REW,ZSL,PLTZ,UVXY,SARK,AVS,DUST,AMDD,GMEU,FXP,BNKD,SQQQ,JDST,AIBD,WEBS,JETD,DIPS,SETH,TSYY,DJTU,TECS,QDWN,PLTD,NVDS,HIBS,YANG,SBIT,TSDD,TSLQ,SSG,UVIX,FLYD,SOXS,BERZ,NVD,SMST,ETHD"
83,Grocery Stores,Consumer Defensive,96.71,43,104.38,126.36,113.0,"SFM,KR,NGVC,VLGEA,WMK,IMKTA,ACI,GO"
84,Mortgage Finance,Financial Services,96.68,42,99.22,101.07,93.18,"COOP,GHLD,ONIT,RKT,BETR,SNFCA,VEL,PFSI,GHI,WD"
85,Steel,Basic Materials,96.6,42,91.83,94.8,85.23,"LUD,MT,ACNT,PKX,MSB,MTUS,NUE,CLF,WS,CMC,RS,TX,STLD,FRD,NWPX,ZEUS,ASTL"
86,Real Estate Services,Real Estate,96.03,41,94.3,95.19,91.57,"IHS,ASPS,TCI,NYC,CHCI,CBRE,IRS,CSGP,COMP,FSV,CIGI,NMRK,BEKE,JLL,CWK,EXPI,GYRO,BPYPN,BPYPO,BPYPP,FRPH,SEG,RMAX,KW,MLP,ARL,MMI,RMR,STHO,LRHC"
87,Banks - Regional,Financial Services,95.89,40,97.7,102.7,101.19,"OPOF,DB,WF,GBFH,KB,ESQ,SSBI,CCB,AUBN,ISBA,SHG,RBKB,TBBK,IFS,MFG,CBNK,TCBX,VBTX,WNEB,SFST,NWG,UNTY,MYFW,BAP,MCB,BFC,BYFC,AX,FRAF,OVBC,BWFG,MVBF,MGYR,FHN,SRBK,NIC,NRIM,TCBI,CIB,CFG,MBBC,SNV,WBS,HDB,THFF,CUBI,CMA,BSVN,FBNC,PBBK,PDLB,GNTY,HTB,RF,MNSB,SPFI,LSBK,CBFV,CBNA,MBCN,STEL,HBCP,BLX,RRBI,SMBK,EWBC,OZK,KEY,BPOP,ISTR,IROQ,WTFC,BWB,FUNC,SHBI,CCBG,CHMG,FSEA,SYBT,PWOD,BCAL,FRST,TRMK,FVCB,IBN,ITUB,PVBC,PNC,HWC,CFR,SBCF,FDSB,PCB,OBK,CADE,ZION,BMRC,CARE,TSBK,PBFS,NBN,FBIZ,PFBC,BHRB,PKBK,BANF,CWBC,ASB,FLG,CTBI,FUSB,LC,ORRF,CHCO,BSRR,UBCP,HBT,TFC,FNB,FCNCA,HMST,LARK,HBAN,BSAC,ABCB,CBAN,CPBI,FSFG,TRST,INDB,HWBK,ALRS,TOWN,PFIS,UCB,MRBK,BKU,MTB,IBOC,FXNC,CFFI,BCML,VLY,OSBC,RNST,RBCAA,FITB,CASH,LNKB,BSBK,MBWM,WAL,INTR,WSFS,CATY,JMSB,FMBH,CNOBP,NSTS,FISI,CIVB,PEBK,BCH,ESSA,EFSC,FCCO,OVLY,CLST,PROV,ECBK,NBBK,BVFL,FRBA,RMBI,CFFN,SMBC,HAFC,TCBS,BBAR,SBFG,OFG,UMBF,LCNB,BOKF,OBT,VLYPP,SSB,HTBK,FHB,CFBK,CCNEP,BFST,SRCE,UMBFO,USB,SFBS,FINW,EFSCP,MNSBP,CPF,MBNKO,FBK,FRME,QCRH,HONE,OPBK,ONB,LKFN,DCOM,WTFCN,FBLA,GABC,FSBC,FFIN,CNOB,CZWI,ACNB,GSBC,UVSP,TMP,FBP,FULT,WSBF,HNVR,USCB,BOTJ,CZFS,CCNE,HOMB,RVSB,AUB,BANC,ZIONP,PFS,FSUN,FSBW,PRK,NPB,WSBC,NFBK,FCF,EBMT,VLYPO,GGAL,HFWA,BUSEP,TECTP,CVBF,OCFC,NKSH,NU,BAFN,CAC,DCOMP,FMAO,MOFG,HBNC,PNFPP,UBSI,RBB,BY,COSO,ATLO,IBCP,BRKL,WSBCP,VLYPN,VABK,PNFP,BWBBP,CBSH,EFSI,HIFS,NWBI,TCBIO,MCBS,BUSE,AMTB,ONBPO,SBSI,AROW,UBFO,HBANL,NBHC,BANR,ONBPP,STBA,FITBI,CZNC,FITBP,TCBK,FCAP,MBINM,AMAL,OZKAP,GBCI,WAFDP,TFSL,BOH,BHB,FCNCO,PLBC,FNLC,FCBC,FIBK,BPRN,FDBC,BHLB,HBANM,WABC,COFS,GCBC,LOB,AFBI,FMNB,MBINL,EBC,MSBIP,MBINN,PB,WAFD,HBANP,SFNC,EQBK,FGBIP,FULTP,BFIN,FCNCP,NEWT,PEBO,SUPV,COLB,FFBC,WTBA,NECB,UNB,VBNK,TFIN,CLBK,MPB,FITBO,NWFL,NBTB,CBU,SFBC,GLBZ,BLFY,PBHC,FNWD,WASH,PGC,HOPE,KRNY,MBIN,PPBI,INBK,BMA,FFIC,MSBI,FFWM,FGBI,BCBP,EGBN,FNWB"
88,Leisure,Consumer Cyclical,95.88,39,96.1,97.13,119.86,"AS,GOLF,OSW,PLNT,HAS,PTON,JOUT,MODG,MSGE,YETI,LTH,PRKS,LUCK,MAT,XPOF,AOUT,ESCA,JAKK,FUN,DOGZ"
89,Drug Manufacturers - Specialty & Generic,Healthcare,95.2,39,101.44,111.52,107.9,"ETON,INDV,PAHC,DERM,ELAN,LFCR,HROW,BGM,KMDA,KNSA,AVDL,PRGO,BCRX,NBIX,HCM,COLL,ANIP,TAK,AMRX,BHC,HLN,PBH,SIGA,SUPN,TKNO,RDY,PCRX,DVAX,TEVA,VTRS,ALKS,EBS,UTHR,ZTS,ZYBT,ALVO,EOLS,AMPH,LNTH,ANIK"
90,Semiconductor Equipment & Materials,Technology,95.07,38,89.47,77.77,87.84,"AEHR,DQ,ACMR,LRCX,NVMI,KLAC,AMBA,ATOM,CAMT,IPGP,AMAT,ACLS,ASML,INTT,ENTG,FORM,PLAB,AMKR,TER,KLIC,COHU,VECO,ICHR,UCTT,ONTO"
91,Real Estate - Development,Real Estate,95.03,37,91.54,95.2,102.87,"JFB,FPH,OZ,FOR,VTMX,SKYH,AXR,MRNO,SDHC,CCS,LPA"
92,Building Materials,Basic Materials,94.9,37,93.06,97.5,101.9,"CX,LOMA,CPAC,SMID,TGLS,USLM,MLM,CRH,VMC,AMRZ,TTAM,JHX,EXP,KNF"
93,Oil & Gas Integrated,Energy,94.87,36,93.58,96.76,98.17,"NFG,IMO,E,TGS,YPF,DEC,SHEL,EQNR,SU,CVX,BP,XOM,CVE,PBR,TTE,EC,CRGY"
94,Specialty Chemicals,Basic Materials,94.8,35,87.43,83.13,86.92,"SNES,FSI,ODC,PRM,BGLC,SXT,CLMT,NEU,HWKN,ECVT,HDSN,NGVT,SSL,ALB,ECL,SQM,KOP,CMT,RPM,LIN,APD,DD,ESI,PPG,SHW,SCL,KWR,BCPC,FUL,MATV,WDFC,IFF,AXTA,CC,EMN,MTX,AVNT,CBT,LYB,NTIC,IOSP,OEC,ASH,WLK,KRO"
95,Packaging & Containers,Consumer Cyclical,94.54,35,92.93,91.43,90.14,"TRS,MYE,OI,CCK,GEF,IP,SLGN,BALL,SW,PKG,KRT,SON,AMCR,SEE,AVY,GPK,REYN"
96,n/a,n/a,94.05,34,93.08,98.2,90.31,"SBDS,GSRTR,GENVR,ETHA,RILYN,RILYG,IBIT,FNGO,DGP,RILYZ,FOSLL,NCIQ,RILYK,CTBB,CTDD,RILYT,TPTA,BAR,AGD,HOVNP,DHCNI,GTENU,SLVO,DJP,SCCD,GRN,VXZ,ZTR,UCIB,OFSSH,KMPB,UZD,NIQ,METCZ,RAC,TFSA,CHAR,GECCH,TWOD,BEPJ,SAJ,PFXNZ,BDCZ,CUBB,ATLCL,ECCV,HTFC,ATMP,GREEL,KCHVU,OXLCG,PMTW,OXSQZ,SOJF,WENNU,TVE,TVC,OXLCZ,AACIU,GAINZ,TPGXL,GTEN,ASBA,DCOMG,MLPB,SAT,SCCC,NEWTZ,CIMO,FCRX,ECCU,AMUB,KKRT,AOMD,GAINN,NEWTG,NRUC,RWAYL,OXLCL,SWKHL,NMPAU,BIPJ,BACCU,MITP,DDT,GECCO,MITN,GLDI,CIMN,MFAO,OXLCI,LWACU,SAY,RWAYZ,AACI,ECCX,CGBDL,FGN,INBKZ,PCAP,GLADZ,RCC,NEWTI,GAINI,AQNB,WHFCL,MFAN,TRINI,CRAQ,JENA,TRINZ,FGSN,PRS,CCIA,SAZ,PMTV,NYMTH,MHNC,WENN,RCB,NEWTH,GAINL,HROWL,HROWM,HCXY,KCHV,RWTN,AOMN,JSM,ATLCZ,PRH,NMFCZ,CICB,ATHS,CSWCZ,APOS,ECCW,RZB,RWTP,PMTU,BANFP,MGRE,NYMTI,ARGD,UZE,RAL,RZC,NYMTG,METCL,KTH,UZF,HWCPZ,GOODO,KTN,BPYPM,BEPI,BIPI,BPOPM,RWTO,BEPH,CMSD,ENJ,GJH,DUKB,CGABL,SOJC,SCCE,RCD,CRBD,CMSC,TBB,BNH,ENO,MGRD,ELC,BNJ,SREA,SCCF,KKRS,ABLLL,AEFC,BIPH,CMSA,UNMA,AIZN,DTW,AFGD,MGRB,AFGB,MGR,PFH,SOJD,BWSN,PFFL,LION,AFGE,SOJE,GPJA,AFGC,SCCG,SPMC,DTB,DTG,BWNB,DGZ,USOI,BHFAL,QVCC,SWZ,QVCD,VXX,OPINL,FNGD"
97,Insurance - Reinsurance,Financial Services,93.95,33,98.54,103.21,96.79,"SPNT,HG,RNR,GLRE,RGA,EG"
98,REIT - Healthcare Facilities,Real Estate,93.9,33,94.73,106.26,93.28,"AHR,WELL,NHPBP,CTRE,NHPAP,VTR,SBRA,UHT,OHI,SILA,LTC,HR,NHI,STRW,DOC,CHCT,GMRE"
99,Conglomerates,Industrials,93.86,32,89.42,94.67,90.73,"RCMT,AIRT,VMI,BBU,MMM,SEB,TRC,FIP,CRESY,AIRTP,HON,MATW,FBYD,MDU,BOOM,OTTR,BOC,DLX,CODI"
100,Pharmaceutical Retailers,Healthcare,93.49,31,98.27,97.16,81.31,WBA
101,Utilities - Regulated Gas,Utilities,93.21,31,99.16,109.75,98.69,"UGI,NI,ATO,CTRI,SR,SWX,BIPC,OGS,RGCO,NWN,CPK,NJR,BKH,SPH"
102,Apparel Retail,Consumer Cyclical,93.01,30,82.85,74.22,95.33,"BIRD,URBN,FL,SFIX,CTRN,BOOT,BKE,BURL,LE,TJX,ZUMZ,ROST,AKA,VSCO,GCO,GAP,GES,ANF,SCVL,RENT,JILL,AEO,LULU,CAL,CRI"
103,Marine Shipping,Industrials,92.94,29,85.83,79.37,76.09,"ESEA,CCEC,GSL,HSHP,BWLP,SBLK,GASS,DAC,GNK,KEX,NMM,HAFN,SHIP,ZIM,PANL,SFL,ECO,GOGL,MATX,EHLD,EDRY,CMRE,ASC,SMHI,CMDB"
104,Personal Services,Consumer Cyclical,92.84,28,100.32,99.92,99.81,"WW,FTDR,CSV,ROL,MED,SCI,HRB,BFAM,RGS,TRNR"
105,Tools & Accessories,Industrials,92.69,28,86.45,84.05,88.93,"RBC,LECO,KMT,TKR,SNA,CVR,TTC,SWK,EML,HLMN"
106,Shell Companies,Financial Services,92.66,27,96.5,100.82,90.51,"CEP,DYNXU,DYNX,CEPO,IROH,DMYY,RTACU,CCCMU,GSRT,YORKU,TACOU,OACCU,HOND,DAAQU,IROHU,SBXD,RDAGU,VCICU,LOKV,CUBWU,MBAV,PMTRU,AFJK,HSPO,OAKU,EQV,ALFUU,ALDF,FERAU,DMAAU,LPAAU,LPBB,LEGT,BEAG,BAYA,SVII,BACQ,RTAC,OACC,MACI,TBMC,EURK,GRAF,FORL,CUB,AACT,ALF,POLE,ANSC,WLAC,IPCXU,NETD,TDACU,GIG,CCCXU,SIMA,VCIC,JACS,HVII,DRDB,RANG,NPACU,LPAA,FERA,AAM,TACO,HYAC,RFAI,FSHP,TDAC,PLMK,TAVI,VACH,AACBU,SVCC,ONCHU,IBAC,WTGUU,DMAA,ATII,SPKL,FGMC,YHNA,AACB,ASPC,CCCM,KFII,FACTU,MAYA,TACHU,SZZLU,UYSCU,SOUL,PELIU,HLXB,SZZL,CAEP,CHAC,TVA,GTERU,CCIX,CEPT,OYSEU,CHPGU,RAAQ,UYSC,AXINU,CCIIU,QSEA,TACH,COPL,FIGXU,BSAAU,TVAIU,DAAQ,BLUWU,SPEGU,INACU,SDHI,VNMEU,PMTR,SOCAU,PELI,OYSE,EGHA,CGCT,TVAI,PACHU,OBAWU,IPOD,CHPG,PCAPU,WTG,RDAG,CCIR,CCCX,IPCX,NPAC,CHEB,SCAG"
107,Home Improvement Retail,Consumer Cyclical,92.61,26,83.13,84.3,86.36,"LIVE,TTSH,HD,HVT,LOW,FND"
108,Insurance - Diversified,Financial Services,92.34,26,95.04,101.27,93.96,"BNT,AEG,SLF,IGIC,FGFPP,AIG,FGF,ACGLO,FIHL,ACGL,ACGLN"
109,REIT - Specialty,Real Estate,92.17,25,92.36,99.02,89.55,"EPR,UNIT,CCI,AMT,DLR,OUT,SBAC,FPI,LAMR,SELF,LANDM,PCH,IRM,LANDP,GLPI,LAND,LANDO,EQIX,WY,RYN"
110,Drug Manufacturers - General,Healthcare,92.03,24,86.75,90.96,81.39,"GRFS,AMRN,GILD,SCLX,JNJ,NVS,ABBV,AMGN,GSK,AZN,PFE,BMY,SNY,LLY,BIIB,MRK,NVO,OGN"
111,REIT - Office,Real Estate,91.93,24,92.22,88.26,88.25,"PGRE,CIO,JBGS,PKST,NLOP,VNO,PSTL,KRC,HIW,BXP,DEI,CUZ,CDP,SLG,PDM,DEA,ARE,ESBA,CMCT"
112,Asset Management,Financial Services,91.78,23,93.52,98.46,93.24,"SSSS,AAMI,DXYZ,SII,WT,CHN,ASA,CG,NTRS,IVZ,GF,BBUC,FHI,KF,CEE,NOAH,BN,HNNA,BAM,STT,BEN,JEQ,RJF,TWN,AMG,JOF,MAIN,PAX,BLK,TDF,BRDG,EMF,UTG,SEIC,KKR,BX,VCTR,JHG,AEF,BCV,MXE,ECF,NBXG,CAF,TSLX,WHG,CRBG,GUT,GGZ,MXF,RCS,EEA,BUI,AB,IAE,APAM,BRW,AIO,TBLD,STEP,GLU,ETG,RGT,IHD,MPV,VRTS,ASGI,FSCO,ARES,GAM,EOD,BSTZ,GDV,GLAD,IDE,ERH,EOS,CII,GNT,ETY,NXG,GAB,CSQ,TEI,ETO,BST,SWKH,STEW,ACV,APO,GLQ,PNNT,EQH,GRF,FDUS,UTF,DPG,SABA,CLM,SPE,ADX,BTO,FSK,HTD,EOI,NCZ,PX,CET,SPXX,CHW,EXG,BCX,FT,FCO,ARCC,TPG,EDD,MEGI,AVK,QQQX,AMP,HGLB,FFA,SCM,CPZ,BXSL,AOD,PGP,DHIL,NCV,BXMX,DNP,NIE,IIF,CGO,GECC,FOF,CRF,TY,SAR,ETW,BGY,BTX,GLO,BTT,RNP,MSIF,TYG,BDJ,LGI,NOM,FFC,PHT,AC,PDT,BOE,JCE,TROW,RMT,ECCC,NFJ,FUND,IGD,PDX,GDL,JMM,LDP,BGR,EMD,JRI,TRIN,ISD,FPF,BGH,GHY,CSWC,HNW,BGB,JLS,EVT,PAI,SDHY,JPC,MCI,OCCIN,NPFD,BTZ,SLRC,RIV,ETB,EAD,EICA,AWF,PFO,EMO,JHI,SOR,WDI,EVN,FLC,PFN,NMI,KYN,JGH,DBRG,VLT,ETV,DFP,TPVG,ERC,FRA,VGI,PHD,BANX,ASG,GBDC,RVT,NMAI,WIA,OXLCO,NCDL,NPCT,IGA,PTA,FMY,WIW,PFD,SPMA,PFX,GAIN,HLNE,FTHY,NML,OCCIO,ETJ,PSF,EVV,PDPA,JQC,PGZ,RA,BIT,PDI,BBDC,BLW,EIIA,ECCF,OXLCN,RLTY,OXLCP,HEQ,MCR,TEAF,OPP,GCMG,EICC,FCT,GLV,JPI,OBDC,EICB,HYI,RQI,EVG,SAMG,RFI,OFS,STK,FINS,BUR,CHY,DTF,ECAT,DMA,GOF,GUG,HYT,BMN,BSL,DMO,BGT,JFR,SPME,NAZ,PFL,BGX,GDO,JHS,DSU,BWG,NBB,NIM,DIAX,PEO,HTGC,RAND,FAX,PDO,PFG,HASI,BKT,NMT,ARDC,MFIC,FTF,PFLT,ETX,IGI,PCF,NUW,PTY,DLY,USA,NXC,MCN,VINP,SBI,MSDL,NXN,DSL,DBL,NAC,EHI,BCAT,WEA,KIO,NCA,NNY,KBDC,BHV,NAN,VBF,MSD,OWL,ACP,NTRSO,NUV,EOT,PAXS,MHI,MIO,MAV,VCV,EFT,BBN,SRV,HQL,RSF,JRS,GSBD,BFK,MMU,VPV,NMFC,PSBD,CHI,PMO,IGR,EFR,PCN,NAD,VTN,PMM,NXP,NZF,NEA,NHS,THW,VKI,IFN,MFM,HFRO,HPI,DMB,EIM,EARN,HPF,NDMO,GRX,GBAB,RMM,MMD,MIY,VGM,SCD,MUJ,MHF,DSM,NVG,MHD,NMCO,MVT,LEO,EVF,IQI,BCSF,BYM,CXH,FMN,MQT,HQH,OTF,IIM,AFB,MUC,CEV,VMO,BLE,MYD,MYI,MUE,HPS,BMEZ,EVM,ENX,VKQ,NQP,BME,NXJ,NMS,RFMZ,NPV,BFZ,PCM,TCPC,NBH,MUA,MQY,PCQ,RMMZ,NMZ,MYN,VFL,CION,BKN,PCK,MHN,RFM,NKX,RMI,PMX,PNI,MVF,OIA,MPA,BNY,OCSL,KTF,LIEN,BTA,PNF,NRK,CCD,CNS,PZC,PYN,BHK,PMF,PDCC,PML,HRZN,XFLT,THQ,OCCI,CGBD,WHF,EIC,CCAP,PTMN,MRCC,ECC,CCIF,TGE"
113,Utilities - Diversified,Utilities,91.64,22,90.54,100.27,83.86,"AQN,AES,BIP,SRE,ALE,AVA,UTL"
114,Electronics & Computer Distribution,Technology,90.6,22,94.47,91.63,98.5,"SNX,ARW,AVT,SCSC,CLMB,CNXN,NSIT"
115,"Furnishings, Fixtures & Appliances",Consumer Cyclical,90.39,21,84.34,81.11,97.53,"KEQU,SN,SGI,BSET,IRBT,PATK,HNI,TILE,LEG,WHR,ETD,MLKN,HOFT,FLXS,LZB,MHK,SCS,SNBR,HBB,LOVE,MBC,AMWD,VIRC"
116,Oil & Gas Midstream,Energy,90.03,20,93.45,98.66,96.94,"GEL,PBT,LPG,NVGS,KNOP,GLP,DTM,LNG,WMB,SOBO,KMI,ENB,AM,MPLX,GLNG,IMPPP,TK,EPD,SBR,HESM,VG,PAA,PAGP,TRP,INSW,DHT,WES,TEN,FRO,ET,EE,CQP,TRGP,TNK,PBA,STNG,FLNG,OKE,KNTK,TRMD,TOPS,VNOM,CLCO,CMBT,SMC"
117,REIT - Mortgage,Real Estate,89.45,19,88.07,97.31,90.0,"NYMT,ACR,MITT,RITM,NLY,ARI,BXMT,LOAN,EFC,TRTX,CIM,AGNCP,NYMTL,DX,LADR,AGNCO,STWD,NYMTM,AGNCM,AGNCL,AGNC,AGNCN,NREF,NYMTN,AOMR,PMT,IVR,ORC,ABR,NYMTZ,ARR,SUNS,RWT,KREF,MFA,REFI,SEVN,TWO,FBRT"
118,Medical Devices,Healthcare,89.3,19,91.28,95.76,108.0,"MGRM,OWLT,VVOS,SNWV,MASS,RBOT,LNSR,ZIMV,IRTC,OM,SSII,BWAY,ESTA,PODD,AORT,SIBN,XYLO,ATEC,SNN,BSX,MASI,TMDX,SMLR,SYK,DXCM,MDT,IRMD,ABT,HAE,EW,STE,DCTH,SRTS,PHG,AHCO,LIVN,NPCE,PRCT,AXGN,PEN,UFPT,PROF,SRDX,CVRX,ZBH,CLPT,ECOR,BIO,KIDS,BBNX,NSYS,INMD,ITGR,ELMD,TMCI,CNMD,VMD,BRKR,GKOS,NNOX,INGN,INSP,QDEL,CBLL,AVNS,BVS,OFIX,TCMD,GMED,VREX,ENOV,QTRX,NVCR,IART,RCEL,TNDM,RXST,NUWE,HSDT"
119,Apparel Manufacturing,Consumer Cyclical,89.04,18,80.52,78.55,100.4,"GOOS,RL,FIGS,LEVI,GIL,ZGN,UA,UAA,KTB,PVH,GIII,VFC,SGC,COLM,PLCE,LAKE,OXM"
120,Integrated Freight & Logistics,Industrials,89.0,17,88.71,83.7,88.79,"PBI,FWRD,CJMB,GXO,CYRX,CHRW,ZTO,EXPD,JBHT,RLGT,FDX,HUBG,UPS,LSTR,PAL,GVH"
121,Insurance Brokers,Financial Services,88.7,17,89.23,98.41,93.71,"AIFU,TWFG,WTW,AJG,AON,GSHD,KG,MMC,BRO,BWIN,ERIE,CRVL,GOCO"
122,REIT - Retail,Real Estate,88.65,16,90.82,99.78,93.21,"WHLRD,ALX,NTST,CBL,MAC,ALEX,CURB,REG,KIM,ADC,SPG,UE,O,NNN,REGCO,BRX,SKT,IVT,REGCP,KRG,PECO,EPRT,FCPT,GTY,BFS,WSR,FRT,AKR,PINE,SITC"
123,Insurance - Specialty,Financial Services,88.47,15,94.03,101.19,95.55,"AXS,JRVR,MBI,TIPT,NMIH,MTG,RDN,ACT,RYAN,AGO,FAF,ESNT,FNF,EIG,ITIC,AMBC,AMSF"
124,REIT - Residential,Real Estate,87.84,15,87.29,100.48,90.87,"MRP,BHM,AIV,ESS,ELME,CPT,MAA,AMH,UDR,SUI,EQR,INVH,AVB,UMH,BRT,ELS,VRE,IRT,CSR,NXRT"
125,Chemicals,Basic Materials,87.82,14,82.07,71.37,83.39,"ASPI,GPRE,REX,LXU,WLKP,MEOH,ASIX,CE,VHI,OLN,TROX,DOW,HUN"
126,Oil & Gas E&P,Energy,87.8,13,89.56,88.45,94.79,"CRK,SJT,EQT,KGEI,HUSA,CRC,WDS,OBE,CNX,RRC,PNRG,EXE,NRT,GPOR,BKV,VET,VTS,MTDR,AR,KRP,OVV,MGY,EPSN,TALO,CKX,PR,CNQ,EOG,MUR,SD,COP,MNR,CHRD,OXY,GRNT,NOG,REPX,TBN,APA,CTRA,DVN,STR,CRT,MTR,FANG,MXC,DMLP,VIST,SM,GPRK,TPL,MVO,BSM,TXO,VTLE,INR,HPK,CIVI"
127,Farm Products,Consumer Defensive,87.69,13,91.2,98.85,95.46,"CALM,FDP,ALCO,ADM,CHSCO,CHSCN,CHSCL,DOLE,VITL,CHSCM,CHSCP,TSN,BG,AGRO,AFRI,LMNR"
128,Real Estate - Diversified,Real Estate,87.28,12,85.28,84.76,81.64,"JOE,HHH,STRS"
129,Broadcasting,Communication Services,87.06,11,78.99,81.09,69.25,"GTN,NXST,SGA,TGNA,SBGI,NMAX"
130,Utilities - Regulated Water,Utilities,86.84,11,94.61,108.13,92.52,"CWCO,SBS,CDZIP,AWK,ARIS,ARTNA,WTRG,AWR,PCYO,CWT,HTO,MSEX,GWRS,YORW"
131,Textile Manufacturing,Consumer Cyclical,86.67,10,80.4,83.57,88.69,AIN
132,REIT - Hotel & Motel,Real Estate,86.01,9,79.44,77.99,88.21,"INN,XHR,HST,RHP,DRH,SHO,PEB,RLJ,AHT,SOHOB,PK,APLE,CLDT"
133,Medical Instruments & Supplies,Healthcare,85.09,8,85.62,90.89,98.89,"CUPR,PDEX,WRBY,STVN,DXR,NVST,RMD,SOLV,WST,ANGO,ATR,NYXH,ALC,HOLX,INFU,ATRC,ALGN,UTMD,ISRG,XRAY,BLFS,AZTA,MMSI,LMAT,ICUI,BAX,BLCO,RGEN,BDX,PLSE,COO,EMBC,STAA,SMTI,KMTS,AVTR,TFX,STSS,GCTK"
134,REIT - Industrial,Real Estate,84.76,8,84.38,89.35,82.9,"ILPT,SMA,STAG,EXR,FR,PLD,EGP,CUBE,REXR,PSA,LXP,MDV,TRNO,PLYM,NSA,IIPR,COLD,LINE"
135,Insurance - Life,Financial Services,84.75,7,91.38,102.52,97.13,"PUK,GL,UNM,GNW,LNC,MFC,JXN,CNO,PRI,MET,BHF,AFL,PRU,FG,BHFAM,BHFAN,BHFAP,BHFAO,ABL"
136,Oil & Gas Drilling,Energy,84.5,6,69.63,66.13,85.54,"SOC,SDRL,NE,PDS,PTEN,NBR,HP"
137,REIT - Diversified,Real Estate,84.4,6,82.13,89.33,84.59,"WPC,SQFT,VICI,NXDT,GOODN,SQFTP,BNL,CTO,GNL,GOOD,OLP,AAT,SAFE,ESRT,FVR,AHH"
138,Recreational Vehicles,Consumer Cyclical,84.37,5,77.74,67.14,71.81,"MCFT,DOOO,THO,MBUU,LCII,PII,MPX,BC,HOG,WGO,VMAR"
139,Staffing & Employment Services,Industrials,83.96,4,76.58,75.07,84.2,"BGSF,HSII,TBI,BBSI,KFY,KELYB,KELYA,KFRC,MHH,HQI,MAN,TNET,HSON,RHI,NSP"
140,Beverages - Brewers,Consumer Defensive,83.88,4,85.6,106.9,77.57,"BUD,FMX,CCU,TAP,STZ,SAM"
141,Residential Construction,Consumer Cyclical,82.16,3,79.81,82.83,85.56,"DFH,GRBK,TOL,PHM,IBP,DHI,BZH,TMHC,NVR,MHO,CVCO,HOV,LEGH,MTH,KBH,TPH,LEN,SKY,LGIH"
142,Trucking,Industrials,81.43,2,78.98,70.36,92.58,"XPO,CVLG,SNDR,ARCB,KNX,ODFL,WERN,MRTN,RXO,PAMT,HTLD,TFII,ULH,SAIA"
143,Business Equipment & Supplies,Industrials,80.53,2,81.78,86.83,87.64,EBF
144,Lumber & Wood Production,Basic Materials,77.93,1,80.52,85.3,86.32,"SSD,UFPI,WFG,BCC"
145,Paper & Paper Products,Basic Materials,77.12,0,75.18,79.32,90.3,"CLW,SUZ,MAGN,SLVM"
146,Healthcare Plans,Healthcare,72.03,0,92.61,104.37,94.91,"NEUE,PGNY,OSCR,CVS,CI,ALHC,HUM,ELV,UNH,MOH,CNC"
